,/amdcpu/0/load/2,/amdcpu/0/load/3,/amdcpu/0/load/4,/amdcpu/0/load/5,/amdcpu/0/load/6,/amdcpu/0/load/7,/amdcpu/0/load/8,/amdcpu/0/load/9,/amdcpu/0/load/10,/amdcpu/0/load/11,/amdcpu/0/load/12,/amdcpu/0/load/13,/amdcpu/0/load/14,/amdcpu/0/load/15,/amdcpu/0/load/16,/amdcpu/0/load/17,/amdcpu/0/load/0,/amdcpu/0/load/1,/amdcpu/0/power/0,/amdcpu/0/clock/1,/amdcpu/0/factor/0,/amdcpu/0/power/1,/amdcpu/0/voltage/2,/amdcpu/0/clock/2,/amdcpu/0/factor/1,/amdcpu/0/power/2,/amdcpu/0/voltage/3,/amdcpu/0/clock/3,/amdcpu/0/factor/2,/amdcpu/0/power/3,/amdcpu/0/voltage/4,/amdcpu/0/clock/4,/amdcpu/0/factor/3,/amdcpu/0/power/4,/amdcpu/0/voltage/5,/amdcpu/0/clock/5,/amdcpu/0/factor/4,/amdcpu/0/power/5,/amdcpu/0/voltage/6,/amdcpu/0/clock/6,/amdcpu/0/factor/5,/amdcpu/0/power/6,/amdcpu/0/voltage/7,/amdcpu/0/clock/7,/amdcpu/0/factor/6,/amdcpu/0/power/7,/amdcpu/0/voltage/8,/amdcpu/0/clock/8,/amdcpu/0/factor/7,/amdcpu/0/power/8,/amdcpu/0/voltage/9,/amdcpu/0/temperature/2,/amdcpu/0/voltage/0,/amdcpu/0/voltage/1,/amdcpu/0/clock/0,/gpu-amd/0/factor/0,/gpu-amd/0/smalldata/5,/gpu-amd/0/smalldata/4,/gpu-amd/0/smalldata/3,/gpu-amd/0/smalldata/6,/gpu-amd/0/smalldata/7,/gpu-amd/0/smalldata/8,/gpu-amd/0/load/2,/gpu-amd/0/load/6,/gpu-amd/0/load/3,/gpu-amd/0/load/4,/gpu-amd/0/load/5,/gpu-amd/0/load/8,/gpu-amd/0/load/7,/gpu-amd/0/load/10,/gpu-amd/0/load/11,/gpu-amd/0/load/9,/gpu-amd/0/clock/0,/gpu-amd/0/clock/2,/gpu-amd/0/load/0,/gpu-nvidia/0/temperature/0,/gpu-nvidia/0/clock/0,/gpu-nvidia/0/clock/4,/gpu-nvidia/0/load/0,/gpu-nvidia/0/load/1,/gpu-nvidia/0/load/2,/gpu-nvidia/0/load/3,/gpu-nvidia/0/smalldata/3,/gpu-nvidia/0/smalldata/4,/gpu-nvidia/0/load/5,/gpu-nvidia/0/load/10,/gpu-nvidia/0/load/12,/gpu-nvidia/0/load/6,/gpu-nvidia/0/load/7,/gpu-nvidia/0/load/11,/gpu-nvidia/0/load/13,/gpu-nvidia/0/load/8,/gpu-nvidia/0/load/9,/gpu-nvidia/0/load/14,/gpu-nvidia/0/temperature/2,/gpu-nvidia/0/smalldata/2,/gpu-nvidia/0/smalldata/0,/gpu-nvidia/0/smalldata/1,/gpu-nvidia/0/load/3,/gpu-nvidia/0/power/0,/gpu-nvidia/0/throughput/0,/gpu-nvidia/0/throughput/1
Time,"CPU Core #1","CPU Core #2","CPU Core #3","CPU Core #4","CPU Core #5","CPU Core #6","CPU Core #7","CPU Core #8","CPU Core #9","CPU Core #10","CPU Core #11","CPU Core #12","CPU Core #13","CPU Core #14","CPU Core #15","CPU Core #16","CPU Total","CPU Core Max","Package","Core #1","Core #1","Core #1 (SMU)","Core #1 VID","Core #2","Core #2","Core #2 (SMU)","Core #2 VID","Core #3","Core #3","Core #3 (SMU)","Core #3 VID","Core #4","Core #4","Core #4 (SMU)","Core #4 VID","Core #5","Core #5","Core #5 (SMU)","Core #5 VID","Core #6","Core #6","Core #6 (SMU)","Core #6 VID","Core #7","Core #7","Core #7 (SMU)","Core #7 VID","Core #8","Core #8","Core #8 (SMU)","Core #8 VID","Core (Tctl/Tdie)","Core (SVI2 TFN)","SoC (SVI2 TFN)","Bus Speed","Fullscreen FPS","D3D Dedicated Memory Total","D3D Dedicated Memory Free","D3D Dedicated Memory Used","D3D Shared Memory Used","D3D Shared Memory Free","D3D Shared Memory Total","D3D 3D","D3D High Priority Compute","D3D Compute 0","D3D Compute 1","D3D Copy","D3D Timer 0","D3D Security 1","D3D Video Decode 1","D3D Video Encode 0","D3D Video Codec 0","GPU Core","GPU Memory","GPU Core","GPU Core","GPU Core","GPU Memory","GPU Core","GPU Memory Controller","GPU Video Engine","GPU Bus","D3D Dedicated Memory Used","D3D Shared Memory Used","D3D 3D","D3D Overlay","D3D Video Decode","D3D Copy","D3D Copy","D3D Security","D3D Video Encode","D3D NVEnc_1","D3D OFA_0","D3D VR","GPU Hot Spot","GPU Memory Total","GPU Memory Free","GPU Memory Used","GPU Memory","GPU Package","GPU PCIe Rx","GPU PCIe Tx"
11/11/2025 22:57:29,5.54686165,3.925866,11.0317888,6.89485073,6.905186,2.86166668,5.38569069,7.34280968,26.6231117,28.7651958,9.66199,8.414966,5.284339,22.3751183,10.6582937,4.85494137,10.408288,28.7651958,13.8916283,3353.702,33.6,0.508838654,1.03125,3353.702,33.6,1.28180909,1.01875,3353.702,33.6,0.568306,1.025,3333.73926,33.4,0.8828342,1.0125,4167.17432,41.75,4.80561447,1.35,4167.17432,41.75,1.09250951,1.28125,4167.17432,41.75,2.22113729,1.30625,4167.17432,41.75,0.919468641,1.275,67.50001,1.55,1.55,99.81255,-1,496.5625,448.5586,48.0039063,9.355469,16044.6738,16054.0293,0,0,0,0,0,0,0,0,0,0,400,1600,0,41,210,405,14,68,0,1,2112.5625,99.47266,5.175765,0,0,0,0.00416202,0,0,0,0,0,46.59375,8192,5914,2277,27.7977467,13.288,1499136,999424
11/11/2025 22:57:30,7.74984932,1.06924772,8.37329,1.05196834,19.8056278,10.0041981,5.86907864,2.85133123,7.928568,1.09909177,4.20697927,2.24872828,11.8420181,11.4185219,32.30571,8.98087,8.550322,32.30571,13.1669617,3473.47681,34.8,0.654858768,1.05625,3473.47681,34.8,0.5848729,1.04375,3473.47681,34.8,2.66059422,1.05625,4341.846,43.5,0.6232473,1.34375,3433.55176,34.4,0.853202939,1.05,4291.94,43,0.3539992,1.3,3433.55176,34.4,2.13973975,1.0375,4291.94,43,3.61752129,1.2875,68.75001,1.55,1.55,99.81255,-1,496.5625,448.5586,48.0039063,9.355469,16044.6738,16054.0293,0,0,0,0,0,0,0,0,0,0,400,1600,0,41,210,405,16,62,0,2,2129.94531,99.75781,4.97877,0,0,0.287386358,0.001620205,0,0,0,0,0,46.875,8192,5897,2294,28.0098438,13.489,1199104,999424
11/11/2025 22:57:31,3.50468159,1.4750123,6.95970058,2.77032256,21.9141426,9.325123,3.867513,14.0650806,8.18643,10.31906,4.677087,15.8230009,8.687478,18.8097172,6.289518,1.46211982,8.633494,21.9141426,12.7511225,3413.58984,34.2,0.26275152,1.05625,4266.9873,42.75,0.6491895,1.3125,3413.58984,34.2,2.77573085,1.04375,4266.9873,42.75,1.45980036,1.30625,4266.9873,42.75,1.6645571,1.33125,3413.58984,34.2,1.57782507,1.025,4266.9873,42.75,2.09956384,1.3375,4266.9873,42.75,0.420500338,1.2875,69.37501,1.55,1.55,99.81257,-1,496.5625,448.5586,48.0039063,9.355469,16044.6738,16054.0293,0,0,0,0,0,0,0,0,0,0,400,1600,0,41,210,405,15,53,0,1,2129.94531,99.75781,5.068048,0,0,0,0.00487573631,0,0,0,0,0,46.6875,8192,5897,2294,28.0098438,13.087,1049600,999424
11/11/2025 22:57:32,3.547448,1.96480155,4.05161953,3.85456085,12.1656475,10.0427094,2.60458,1.27437711,5.052662,3.42795849,5.76928854,6.83816051,9.277659,43.9824867,22.2643681,6.48919964,8.912969,43.9824867,11.8631439,3513.40112,35.2,0.256965339,1.06875,3513.40112,35.2,0.414392442,1.05625,4391.75146,44,1.70705521,1.06875,3513.40112,35.2,0.170109,1.05625,3513.40112,35.2,0.473569453,1.06875,3513.40112,35.2,0.688471437,1.04375,4391.75146,44,4.06624,1.35,3513.40112,35.2,1.93835807,1.04375,68.87501,1.55,1.55,99.81253,-1,496.5625,448.5586,48.0039063,9.355469,16044.6738,16054.0293,0,0,0,0,0,0,0,0,0,0,400,1600,0,41,210,405,15,54,0,1,2128.625,99.47266,3.13802314,0,0,0.0806461647,0,0,0,0,0,0,46.875,8192,5898,2293,27.9938221,13.37,6799360,1049600
11/11/2025 22:57:33,13.6103926,6.34668446,6.23641,2.575308,6.65071,3.10410261,4.45781946,0.497633219,4.143977,2.32418776,10.3179216,2.044803,8.55769,2.48525739,6.447488,10.54706,5.64671135,13.6103926,7.996373,4391.754,44,1.6287204,1.35,3513.403,35.2,0.653752267,1.05,4391.754,44,0.6928137,1.34375,3513.403,35.2,0.497168779,1.05625,3513.403,35.2,0.471516967,1.06875,4391.754,44,0.7313528,1.30625,4391.754,44,0.8261947,1.325,4391.754,44,1.11987638,1.3,67.25001,1.55,1.55,99.8125839,-1,496.5625,448.5586,48.0039063,9.355469,16044.6738,16054.0293,0,0,0,0,0,0,0,0,0,0,400,1600,0,41,210,405,17,45,0,1,2128.61719,98.31641,6.47622538,0,0,0.07550992,0.00359379849,0,0,0,0,0,46.90625,8192,5898,2293,27.9938221,13.566,6849536,999424
11/11/2025 22:57:34,3.27468514,2.79127955,2.91698575,1.88592076,3.50849032,1.12851262,0.8536577,2.85143256,1.44619942,4.08451,5.107212,1.25920773,1.15501881,0,1.82033181,0.9809792,2.18616724,5.107212,5.21720648,3553.327,35.6,0.796891868,1.075,4441.65869,44.5,0.363724679,1.35625,3553.327,35.6,0.46645233,1.075,4441.65869,44.5,0.349261165,1.3625,3553.327,35.6,0.589430869,1.075,3553.327,35.6,0.3974177,1.05625,3553.327,35.6,0.27526173,1.06875,3553.327,35.6,0.343210548,1.05,65.37501,1.55,1.55,99.81255,-1,496.5625,448.5586,48.0039063,9.355469,16044.6738,16054.0293,0,0,0,0,0,0,0,0,0,0,400,1600,0,41,210,405,9,41,0,1,2120.625,99.47266,4.456062,0,0,0.128504783,0.00161332428,0,0,0,0,0,46.6875,8192,5906,2285,27.8961658,13.677,7149568,999424
11/11/2025 22:57:35,6.181079,3.6144793,6.079298,4.32292843,6.41219044,1.5022099,5.64929247,1.76401138,3.31668854,1.4964819,7.236159,0.9220302,3.83579731,1.90271139,5.666298,1.99500918,3.86853814,7.236159,5.992326,3553.327,35.6,1.02183127,1.08125,3553.327,35.6,0.850861549,1.0625,3553.327,35.6,0.6374485,1.08125,3553.327,35.6,0.570617437,1.0625,3553.327,35.6,0.309900939,1.075,3553.327,35.6,0.4532755,1.05625,3553.327,35.6,0.466794878,1.06875,4441.65869,44.5,0.481613517,1.325,63.6250076,1.55,1.55,99.81255,-1,496.5625,448.5586,48.0039063,9.355469,16044.6738,16054.0293,0,0,0,0,0,0,0,0,0,0,400,1600,0,41,210,405,22,58,0,2,2112.5625,99.47266,3.08409238,0,0,0.0123408679,0.0170804039,0,0,0,0,0,46.6875,8192,5914,2277,27.7977467,12.995,949248,3749888
11/11/2025 22:57:36,4.67534065,2.79081464,5.79950237,2.08570957,3.55579853,0.786489248,2.75689363,1.96573734,2.79548168,2.01420784,5.874276,1.25537515,2.23118067,0.885278,2.859342,1.97206736,2.76896954,5.874276,4.8665204,4391.753,44,0.8390881,1.35625,4391.753,44,0.479959816,1.325,4391.753,44,0.233858317,1.34375,4391.753,44,0.320255,1.31875,4391.753,44,0.342456341,1.34375,4391.753,44,0.298906326,1.30625,4391.753,44,0.216821089,1.325,4391.753,44,0.242677033,1.3,61.8750076,1.55,1.55,99.81256,-1,496.5625,448.5586,48.0039063,9.355469,16044.6738,16054.0293,0,0,0,0,0,0,0,0,0,0,400,1600,0,41,210,405,14,44,0,2,2112.5625,99.47266,7.22100067,0,0,0,0.07004192,0,0,0,0,0,46.9375,8192,5914,2277,27.7977467,13.619,9.909965E+07,1299456
11/11/2025 22:57:37,5.552989,2.5704205,5.80346,2.27156281,3.89956236,1.4716804,3.61490846,2.42202282,3.25852036,1.96434259,6.13384247,1.48879886,3.39103937,1.28901,3.40845,2.33418941,3.17967534,6.13384247,4.80972338,4391.752,44,0.857955,1.35,4391.752,44,0.495688468,1.325,4391.752,44,0.311713368,1.34375,4391.752,44,0.326966971,1.31875,4391.752,44,0.2809233,1.34375,4391.752,44,0.266106457,1.30625,4391.752,44,0.245490432,1.325,4391.752,44,0.267266184,1.3,60.3750076,1.55,1.55,99.8125458,-1,496.5625,448.5586,48.0039063,9.355469,16044.6738,16054.0293,0,0,0,0,0,0,0,0,0,0,400,1600,0,41,210,405,13,51,0,2,2112.5625,99.47266,5.262984,0,0,0,0.0216418225,0,0,0,0,0,46.9375,8192,5914,2277,27.7977467,13.438,949248,3249152
11/11/2025 22:57:38,2.69869566,0.9762347,3.017658,0.4033804,1.786077,0,3.90379429,0,0.7994592,0,4.29303646,0,0.8183539,0,0.955510139,0.5215466,1.09809041,4.29303646,4.814093,2520.26758,25.25,0.809539557,0.85625,2520.26758,25.25,0.305608571,0.84375,2520.26758,25.25,0.252156943,0.85625,2520.26758,25.25,0.39418748,0.84375,2520.26758,25.25,0.194211692,0.85625,2520.26758,25.25,0.239876553,0.8375,2520.26758,25.25,0.1629111,0.85,4391.75342,44,0.224800751,0.8375,59.0000076,1.55,1.55,99.81258,-1,496.5625,448.5586,48.0039063,9.355469,16044.6738,16054.0293,0,0,0,0,0,0,0,0,0,0,400,1600,0,41,210,405,9,46,0,1,2112.5625,99.47266,4.975707,0,0,0,0.00328508834,0,0,0,0,0,46.59375,8192,5914,2277,27.7977467,13.267,1499136,3299328
11/11/2025 22:57:39,4.275793,2.93799043,6.90652752,2.47632861,4.79176044,1.49521828,18.15335,2.52444148,6.05196953,2.5816977,7.18557262,1.18147731,4.130721,1.58364773,4.962969,2.61669159,4.61601,18.15335,6.419542,4416.70557,44.25,0.470708966,1.3625,3533.3645,35.4,0.5064748,1.0625,3533.3645,35.4,0.3253536,1.06875,4416.70557,44.25,1.56603539,1.33125,3533.3645,35.4,0.565915167,1.075,3513.40186,35.2,0.420630485,1.05,4391.75244,44,0.34152627,1.0625,4391.75244,44,0.380155951,1.3,58.1250076,1.55,1.55,99.81255,-1,496.5625,448.5586,48.0039063,9.355469,16044.6738,16054.0293,0,0,0,0,0,0,0,0,0,0,400,1600,0,41,210,405,9,43,0,1,2112.5625,99.24219,4.053192,0,0,0.0357383,0.00394520257,0,0,0,0,0,46.6875,8192,5914,2277,27.7977467,13.121,949248,999424
11/11/2025 22:57:40,4.61955643,2.78765559,6.210649,1.78620219,3.35012674,1.23764873,2.27971077,2.687776,2.93402672,3.05589437,4.9253583,1.1918962,2.20016241,0.959903,3.23297381,1.95125341,2.83816457,6.210649,4.8828063,3533.3645,35.4,0.9145033,1.075,3533.3645,35.4,0.6554749,1.0625,4416.70557,44.25,0.2992845,1.35625,3533.3645,35.4,0.3824165,1.05625,4416.70557,44.25,0.433941662,1.35625,3533.3645,35.4,0.254872561,1.05,3533.3645,35.4,0.258800954,1.0625,4416.70557,44.25,0.2974897,1.3125,57.0000076,1.55,1.55,99.81255,-1,496.5625,448.5586,48.0039063,9.355469,16044.6738,16054.0293,0,0,0,0,0,0,0,0,0,0,400,1600,0,41,210,405,28,53,0,2,2112.5625,99.24219,3.79534388,0,0,0,0.00323736272,0,0,0,0,0,46.875,8192,5914,2277,27.7977467,12.98,899072,999424
11/11/2025 22:57:41,3.2587707,1.78274512,4.25457954,0.4355371,1.70267224,0,1.53559446,1.04238987,1.97196007,1.64538026,5.202895,0,1.79203153,0,1.725632,0.7614076,1.65936947,5.202895,4.97986841,2520.267,25.25,0.8519945,0.85625,2520.267,25.25,0.4327447,0.84375,2520.267,25.25,0.353690118,0.85625,2520.267,25.25,0.372309923,0.84375,2520.267,25.25,0.406567484,0.85625,2520.267,25.25,0.373571962,0.8375,2520.267,25.25,0.2873045,0.85,2520.267,25.25,0.293514073,0.8375,56.0000076,1.55,1.55,99.81256,-1,496.5625,448.5586,48.0039063,9.355469,16044.6738,16054.0293,0,0,0,0,0,0,0,0,0,0,400,1600,0,41,210,405,10,48,0,1,2112.5625,99.24219,5.332452,0,0,0,0.00166251825,0,0,0,0,0,46.59375,8192,5914,2277,27.7977467,13.492,1349632,999424
11/11/2025 22:57:42,4.484701,3.02665234,5.73745966,1.86405182,3.78605127,1.65777206,3.01529169,2.16313,2.61670947,2.028489,5.81020737,1.49273872,2.347207,1.72327161,3.65685225,2.86365747,3.01713347,5.81020737,4.737763,3553.32715,35.6,0.716812849,1.08125,4441.659,44.5,0.47623688,1.35625,3553.32715,35.6,0.2843955,1.08125,3553.32715,35.6,0.326643437,1.0625,3553.32715,35.6,0.2486796,1.075,3553.32715,35.6,0.287824482,1.05625,3553.32715,35.6,0.209432,1.06875,3553.32715,35.6,0.34454146,1.05,55.0000076,1.55,1.55,99.81256,-1,496.5625,448.5586,48.0039063,9.355469,16044.6738,16054.0293,0,0,0,0,0,0,0,0,0,0,400,1600,0,41,210,405,10,54,0,1,2112.5625,99.24219,2.81555843,0,0,0,0.004791258,0,0,0,0,0,46.53125,8192,5914,2277,27.7977467,12.836,10249216,999424
11/11/2025 22:57:43,7.60219669,4.30814648,6.64670467,5.240667,5.51919365,2.014494,4.01825333,2.06853151,3.38954926,5.758649,9.336191,0,3.23620439,1.83475018,3.48358154,5.548346,4.354471,9.336191,6.096483,2520.26416,25.25,0.951145649,0.85625,2520.26416,25.25,0.638232768,0.84375,2520.26416,25.25,0.468348026,0.85625,3533.36035,35.4,0.5075208,1.05625,3533.36035,35.4,0.6489824,1.075,3533.36035,35.4,0.489189863,1.05,3533.36035,35.4,0.3327386,1.0625,4416.7,44.25,0.437316626,1.3125,54.6250076,1.55,1.55,99.81244,-1,496.5625,448.5586,48.0039063,9.355469,16044.6738,16054.0293,0,0,0,0,0,0,0,0,0,0,400,1600,0,41,210,405,9,66,0,1,2112.5625,99.24219,6.40867662,0,0,0,0.00158113753,0,0,0,0,0,46.875,8192,5914,2277,27.7977467,13.55,4399104,5149696
11/11/2025 22:57:44,5.469054,1.97775364,14.65798,1.68844461,6.420726,2.857709,6.070149,2.04526782,3.35876346,4.47945,8.981442,6.72366047,3.86186242,1.100564,4.42944765,1.52588487,4.72800159,14.65798,7.24304533,4391.758,44,0.6354336,1.35,4391.758,44,1.10264921,1.325,4391.758,44,0.6170307,1.35,4391.758,44,0.5812274,1.31875,4391.758,44,0.6264775,1.3375,4391.758,44,0.888513267,1.30625,3513.40649,35.2,0.417753756,1.0625,3513.40649,35.2,0.434085757,1.04375,54.7500076,1.55,1.55,99.81268,-1,496.5625,448.5586,48.0039063,9.355469,16044.6738,16054.0293,0,0,0,0,0,0,0,0,0,0,400,1600,0,41,375,405,9,56,0,2,2126.26172,115.742188,15.9382744,0,0,0.985217,0.008441173,0,0,0,0,0,46.53125,8192,5901,2290,27.9640675,14.251,9949184,1049600
11/11/2025 22:57:45,4.396689,7.76962042,8.273369,3.635192,4.014641,2.14778185,3.37340832,1.81040168,2.94926167,2.044952,5.843079,1.09277964,3.50157022,1.60087943,3.07974815,2.05560923,3.599316,8.273369,5.521807,4391.752,44,1.12412453,1.35,4391.752,44,0.768179953,1.325,4391.752,44,0.406771958,1.34375,4391.752,44,0.3666718,1.31875,4391.752,44,0.299009472,1.3375,4391.752,44,0.272212267,1.30625,4391.752,44,0.2472185,1.325,4391.752,44,0.296069235,1.3,54.5000076,1.55,1.55,99.8125458,-1,496.5625,448.5586,48.0039063,9.355469,16044.6738,16054.0293,0,0,0,0,0,0,0,0,0,0,400,1600,0,41,375,405,18,54,0,1,2126.26172,115.742188,5.89333725,0,0,0,0.00165399013,0,0,0,0,0,46.625,8192,5901,2290,27.9640675,13.913,6749184,3899392
11/11/2025 22:57:46,8.145821,3.220588,23.9524612,3.00456882,7.91972256,3.37311029,7.98047161,5.91566,6.897622,3.333062,9.4239,0.8946419,3.50787044,3.54663134,5.09479046,4.600519,6.30072355,23.9524612,7.719444,3513.40234,35.2,0.8976389,1.06875,4341.84668,43.5,1.564616,1.3375,4341.84668,43.5,0.7193924,1.3375,4341.84668,43.5,0.853903055,1.3125,4341.84668,43.5,0.59490484,1.33125,4391.753,44,0.5461368,1.30625,4391.753,44,0.416690171,1.325,3513.40234,35.2,0.552018,1.04375,55.1250076,1.55,1.55,99.81257,-1,496.5625,448.5586,48.0039063,9.355469,16044.6738,16054.0293,0,0,0,0,0,0,0,0,0,0,400,1600,0,41,210,405,39,55,0,10,2126.26953,128.804688,12.1133585,0,0,0.5014372,0.00506043853,0,0,0,0,0,46.84375,8192,5901,2290,27.9640675,13.884,3.542999E+08,48449536
11/11/2025 22:57:47,12.4004726,14.7869167,26.9808235,7.98726654,19.1889935,8.731306,16.9755573,8.665567,13.4542646,6.803852,13.5380087,5.67444563,9.806138,9.117764,7.135743,10.4229212,11.9793777,26.9808235,11.15033,4391.752,44,1.47025526,1.35,4391.752,44,1.61468828,1.31875,4391.752,44,1.29448116,1.34375,4391.752,44,1.20124948,1.31875,3513.40161,35.2,0.869665146,1.06875,4391.752,44,0.775553942,1.30625,4391.752,44,0.765688837,1.325,4391.752,44,0.733957946,1.3,57.0000076,1.55,1.55,99.8125458,-1,496.5625,448.5586,48.0039063,9.355469,16044.6738,16054.0293,0,0,0,0,0,0,0,0,0,0,400,1600,0,41,225,405,22,54,0,2,2143.65625,133.515625,15.844389,0,0,0.777521431,0.005457666,0,0,0,0,0,46.96875,8192,5883,2308,28.1761646,14.481,1.364992E+07,3899392
11/11/2025 22:57:48,5.98278046,1.08446479,20.8553429,2.476889,4.154044,3.714633,2.79982686,2.248329,3.02433372,2.018398,5.1279726,0.05363822,1.50177479,1.60323977,2.05720663,2.45744586,3.82251143,20.8553429,6.509861,2520.26733,25.25,0.653837144,0.85625,4391.753,44,1.34149158,1.31875,4391.753,44,0.5264115,1.34375,4391.753,44,0.455045462,1.31875,4391.753,44,0.405855119,1.3375,3513.40234,35.2,0.316465676,1.04375,3513.40234,35.2,0.315726668,1.05625,4391.753,44,0.322351575,1.3,56.3750076,1.55,1.55,99.81257,-1,496.5625,448.5586,48.0039063,9.355469,16044.6738,16054.0293,0,0,0,0,0,0,0,0,0,0,400,1600,0,41,225,405,9,44,0,1,2143.65625,137.890625,6.777393,0,0,0.131903827,0.0021255312,0,0,0,0,0,46.75,8192,5883,2308,28.1761646,13.894,7749632,3149824
11/11/2025 22:57:49,4.67577,2.04892159,6.185442,1.84807181,3.082198,1.62047148,7.206911,1.339531,2.63236165,1.36660933,4.38507175,0.532019138,1.31195784,0.946331,3.34733725,2.05441713,2.7864635,7.206911,5.16049957,3533.36475,35.4,0.676849961,1.075,4416.706,44.25,0.484241426,1.3375,4416.706,44.25,0.29146713,1.35625,3533.36475,35.4,0.674720347,1.05625,4416.706,44.25,0.286790222,1.35,3533.36475,35.4,0.262923449,1.05,4416.706,44.25,0.184457749,1.34375,3533.36475,35.4,0.291304648,1.04375,55.6250076,1.55,1.55,99.81256,-1,496.5625,448.5586,48.0039063,9.355469,16044.6738,16054.0293,0,0,0,0,0,0,0,0,0,0,400,1600,0,41,210,405,12,56,0,1,2143.65625,137.527344,4.872566,0,0,0.0557303466,0.00166971085,0,0,0,0,0,46.6875,8192,5883,2308,28.1761646,13.648,1449984,5199872
11/11/2025 22:57:50,18.86577,7.164031,28.09869,4.622829,12.8632727,4.92419,9.823429,7.736242,7.663912,5.38981533,19.4100857,3.6509037,5.99547,6.76971054,9.022552,9.668207,10.1043224,28.09869,10.2135429,3513.40186,35.2,1.55575311,1.06875,3513.40186,35.2,1.84521914,1.05625,3513.40186,35.2,0.9887698,1.06875,3513.40186,35.2,0.9815335,1.05625,3513.40186,35.2,0.766649663,1.06875,4391.75244,44,1.2044903,1.3375,3513.40186,35.2,0.6979837,1.0625,3513.40186,35.2,0.989474654,1.04375,56.7500076,1.55,1.55,99.81255,-1,496.5625,448.5586,48.0039063,9.355469,16044.6738,16054.0293,0,0,0,0,0,0,0,0,0,0,400,1600,0,41,210,405,28,48,0,8,2138.332,136.351563,14.1525183,0,0,0.289979,0.103657618,0,0,0,0,0,47,8192,5889,2302,28.1113148,14.021,1399808,3549184
11/11/2025 22:57:51,4.364991,1.0446012,7.976431,0.247770548,3.56348157,0.130999088,1.77745223,0.9367049,1.59047246,0.7341504,3.86180878,0.310122967,0.91137886,0,1.17000341,1.51947141,1.878053,7.976431,5.33342075,2520.267,25.25,0.8958979,0.85625,2016.21362,20.2,0.589705169,0.84375,3533.3645,35.4,0.4042236,1.06875,3533.3645,35.4,0.3643295,1.05625,3533.3645,35.4,0.297301829,1.075,3533.3645,35.4,0.280940324,1.05,3533.3645,35.4,0.20155482,1.0625,4416.70557,44.25,0.309994638,1.3125,55.8750076,1.55,1.55,99.81255,-1,496.5625,448.5586,48.0039063,9.355469,16044.6738,16054.0293,0,0,0,0,0,0,0,0,0,0,400,1600,0,41,210,405,25,55,0,1,2140.086,138.023438,5.941753,0,0,0.691061258,0.00221925275,0,0,0,0,0,46.71875,8192,5887,2304,28.1326771,14.466,1499136,3949568
11/11/2025 22:57:52,8.311987,3.67863178,16.41609,2.805221,8.871478,3.35494876,5.604923,6.148964,6.227583,6.179762,7.74744129,3.722316,4.279298,1.99074745,4.89763,4.08499241,5.89511967,16.41609,7.51606655,4391.75244,44,0.87373656,1.35625,3513.40186,35.2,1.14563239,1.05,3513.40186,35.2,0.8222874,1.06875,3513.40186,35.2,0.660396755,1.05625,3513.40186,35.2,0.7147006,1.06875,3513.40186,35.2,0.546408534,1.04375,3513.40186,35.2,0.34400335,1.0625,3513.40186,35.2,0.556437969,1.0375,55.3750076,1.55,1.55,99.81255,-1,496.5625,448.5586,48.0039063,9.355469,16044.6738,16054.0293,0,0,0,0,0,0,0,0,0,0,400,1600,0,41,210,405,38,55,0,3,2140.086,138.039063,11.6136761,0,0,0.0208814777,0.02689598,0,0,0,0,0,46.8125,8192,5887,2304,28.1326771,14.201,1299456,1799168
11/11/2025 22:57:53,4.69452143,7.529986,8.249879,9.94364,6.366658,8.17275,6.023884,5.53346252,7.4121356,0.209277868,11.6318817,1.49471164,3.03609967,3.2682538,6.655431,3.8698554,5.880767,11.6318817,7.34385824,3533.3645,35.4,0.923302054,1.075,4416.70557,44.25,1.09544754,1.3375,4416.70557,44.25,0.811796546,1.35625,4416.70557,44.25,0.8076324,1.33125,4416.70557,44.25,0.639269233,1.35,4416.70557,44.25,0.64340657,1.31875,4416.70557,44.25,0.4611748,1.34375,3533.3645,35.4,0.449918449,1.05,55.2500076,1.55,1.55,99.81255,-1,496.5625,448.5586,48.0039063,9.355469,16044.6738,16054.0293,0,0,0,0,0,0,0,0,0,0,400,1600,0,41,210,405,8,56,0,1,2132.01953,136.945313,3.758775,0,0,0.06406059,0.002122007,0,0,0,0,0,47.03125,8192,5895,2296,28.0342579,13.802,1049600,999424
11/11/2025 22:57:54,5.93013763,3.34549546,21.4573917,4.431242,8.53058052,2.571255,4.74385,3.85751128,4.271388,5.97065067,7.75488,0.0233352184,5.04261875,2.577567,4.76931334,3.52801681,5.550337,21.4573917,8.052299,3453.515,34.6,0.8839963,1.05625,4391.753,44,1.61349308,1.34375,3513.40234,35.2,0.8138375,1.06875,3513.40234,35.2,0.59218,1.05625,3513.40234,35.2,0.719857156,1.06875,3513.40234,35.2,0.5185118,1.05,4291.94043,43,0.5464779,1.31875,4291.94043,43,0.6162407,1.29375,55.5000076,1.55,1.55,99.81257,-1,496.5625,448.5586,48.0039063,9.355469,16044.6738,16054.0293,0,0,0,0,0,0,0,0,0,0,400,1600,0,41,240,405,46,52,0,7,2131.336,137.867188,14.9605885,0,0,0.2722014,0.00372729218,0,0,0,0,0,46.6875,8192,5896,2295,28.0258656,13.972,335349760,4.094976E+07
11/11/2025 22:57:55,7.29618073,2.70197988,26.3326416,3.60038877,5.71125126,2.93207169,7.05143833,3.42640281,6.440401,2.11647749,8.893567,2.18145847,3.34280729,3.251171,3.730929,4.1906,5.82498932,26.3326416,7.70175457,2520.267,25.25,0.815351367,0.85625,2520.267,25.25,1.59012294,0.84375,2520.267,25.25,0.5725777,0.85625,2520.267,25.25,0.623838,0.84375,2520.267,25.25,0.454159021,0.85625,2520.267,25.25,0.5405105,0.8375,2520.267,25.25,0.382211536,0.85,2520.267,25.25,0.450520962,0.8375,56.0000076,1.55,1.55,99.81255,-1,496.5625,448.5586,48.0039063,9.355469,16044.6738,16054.0293,0,0,0,0,0,0,0,0,0,0,400,1600,0,41,240,405,9,47,0,1,2127.336,137.945313,7.03614426,0,0,0.06609187,0.02107833,0,0,0,0,0,46.875,8192,5900,2291,27.9770374,13.864,1499136,999424
11/11/2025 22:57:56,6.71941042,2.854389,12.870759,2.323258,7.073182,3.39595079,3.41547132,3.2436192,3.793317,2.44274735,6.33950233,1.31949782,3.04116,2.05606222,3.90267968,3.46956253,4.266286,12.870759,5.82815361,2520.26733,25.25,0.8458034,0.85625,4391.753,44,0.88207823,1.325,4391.753,44,0.5558505,1.34375,3513.40234,35.2,0.424755365,1.05625,3513.40234,35.2,0.309056878,1.0625,4391.753,44,0.32699126,1.30625,3513.40234,35.2,0.293272763,1.05625,4391.753,44,0.332597733,1.3,55.3750076,1.55,1.55,99.81257,-1,496.5625,448.5586,48.0039063,9.355469,16044.6738,16054.0293,0,0,0,0,0,0,0,0,0,0,400,1600,0,41,210,405,13,41,0,1,2127.336,137.945313,6.035976,0,0,0,0.01944853,0,0,0,0,0,46.9375,8192,5900,2291,27.9770374,13.448,949248,999424
11/11/2025 22:57:57,4.731345,3.06229,7.58205032,2.817911,4.47907448,2.05250978,3.77466083,2.56020427,4.05693054,2.05647945,5.18254042,2.698791,3.69195342,9.772986,5.053979,2.919525,4.15582657,9.772986,5.68696928,3553.32715,35.6,0.5911813,1.08125,4441.659,44.5,0.5005859,1.35625,3553.32715,35.6,0.291627,1.08125,3553.32715,35.6,0.3630938,1.0625,3553.32715,35.6,0.328182518,1.075,3553.32715,35.6,0.368799239,1.05625,3553.32715,35.6,0.812488258,1.06875,3553.32715,35.6,0.414871126,1.05,55.1250076,1.55,1.55,99.81256,-1,496.5625,448.5586,48.0039063,9.355469,16044.6738,16054.0293,0,0,0,0,0,0,0,0,0,0,400,1600,0,41,210,405,21,51,0,1,2127.336,137.945313,9.247477,0,0,0,0.116703957,0,0,0,0,0,47.15625,8192,5900,2291,27.9770374,14.141,899072,999424
11/11/2025 22:57:58,5.96302748,2.42859721,11.1697788,2.39895582,6.86181164,1.84476972,5.25056744,2.072543,3.677398,4.937649,6.3988924,2.211082,5.55487871,6.52591,4.66194153,3.29113,4.703057,11.1697788,6.920919,4416.70557,44.25,0.7271734,1.3625,3533.3645,35.4,0.901126862,1.05625,3533.3645,35.4,0.553816736,1.06875,3533.3645,35.4,0.591083765,1.05625,3533.3645,35.4,0.5346093,1.075,3533.3645,35.4,0.4894451,1.05,3533.3645,35.4,0.7417741,1.0625,3533.3645,35.4,0.4737937,1.04375,55.1250076,1.55,1.55,99.81255,-1,496.5625,448.5586,48.0039063,9.355469,16044.6738,16054.0293,0,0,0,0,0,0,0,0,0,0,400,1600,0,41,285,405,39,54,0,1,2138.27344,136.945313,9.464567,0,0,0.3589452,0.00520891463,0,0,0,0,0,46.8125,8192,5889,2302,28.1105518,15.867,949248,999424
11/11/2025 22:57:59,3.61908674,1.59980655,5.38049936,2.49328017,4.090852,0.218230486,4.0864706,0.9029567,1.60781145,0.336253643,4.95136356,0.013500452,1.35702491,0.255006552,2.42853761,0.9332597,2.14211941,5.38049936,5.06735325,2520.267,25.25,0.6985485,0.85625,2520.267,25.25,0.478597134,0.84375,2520.267,25.25,0.384726167,0.85625,2520.267,25.25,0.3326304,0.84375,2520.267,25.25,0.224310637,0.85625,2520.267,25.25,0.2506204,0.8375,2520.267,25.25,0.233629957,0.85,2520.267,25.25,0.252329,0.83125,54.2500076,1.55,1.55,99.81255,-1,496.5625,448.5586,48.0039063,9.355469,16044.6738,16054.0293,0,0,0,0,0,0,0,0,0,0,400,1600,0,41,285,405,26,62,0,1,2126.77344,137.945313,7.71336842,0,0,0.09095169,0.0334178172,0,0,0,0,0,46.9375,8192,5900,2291,27.970171,14.121,1499136,999424
11/11/2025 22:58:00,5.649823,3.00616026,11.7555618,2.9925108,4.41483259,2.829522,4.047757,2.19948888,3.69583964,1.962179,7.23243952,1.08802915,3.65346074,1.67574286,3.65396738,3.2055378,3.94142866,11.7555618,5.68274927,4416.706,44.25,0.7564253,1.3625,3533.365,35.4,0.8187461,1.0625,3533.365,35.4,0.408105135,1.06875,3533.365,35.4,0.3771983,1.05625,3533.365,35.4,0.329159617,1.075,3533.365,35.4,0.336727232,1.05,3533.365,35.4,0.281125218,1.0625,3533.365,35.4,0.3343248,1.04375,53.7500076,1.55,1.55,99.81257,-1,496.5625,448.5586,48.0039063,9.355469,16044.6738,16054.0293,0,0,0,0,0,0,0,0,0,0,400,1600,0,41,240,405,12,48,0,2,2126.77344,138.175781,9.148568,0,0,0.0410386622,0.05994637,0,0,0,0,0,47,8192,5900,2291,27.970171,14.486,949248,999424
11/11/2025 22:58:01,5.35042858,2.5599122,5.054593,1.7244041,2.416581,1.11328363,2.78643966,1.9339025,2.58681178,2.31817961,5.50884628,1.17007494,2.09893584,0.985765457,2.987498,2.063489,2.66619325,5.50884628,4.834357,4416.70557,44.25,0.970306635,1.36875,3533.3645,35.4,0.3947578,1.05625,3533.3645,35.4,0.244003013,1.06875,3533.3645,35.4,0.3792869,1.05625,3533.3645,35.4,0.337706625,1.075,4416.70557,44.25,0.274699718,1.31875,3533.3645,35.4,0.2564347,1.0625,3533.3645,35.4,0.256989628,1.04375,53.1250076,1.55,1.55,99.81255,-1,496.5625,448.5586,48.0039063,9.355469,16044.6738,16054.0293,0,0,0,0,0,0,0,0,0,0,400,1600,0,41,240,405,16,55,0,2,2126.77344,138.175781,4.14259958,0,0,0,0.00166580454,0,0,0,0,0,46.71875,8192,5900,2291,27.970171,13.362,849920,949248
11/11/2025 22:58:02,4.34247255,3.267008,5.68642044,2.003181,3.33135128,1.35250092,2.76870728,2.18731761,3.431642,1.887387,6.474429,1.27660036,2.1065414,1.4266789,3.3016324,1.235187,2.87994146,6.474429,4.8026166,4416.706,44.25,0.8677064,1.36875,3533.365,35.4,0.421393275,1.05625,3533.365,35.4,0.335288316,1.06875,4391.753,44,0.3583019,1.05625,3513.40234,35.2,0.372814149,1.0625,3513.40234,35.2,0.353351742,1.04375,4391.753,44,0.2134715,1.33125,4391.753,44,0.307448059,1.3,52.5000076,1.55,1.55,99.81257,-1,496.5625,448.5586,48.0039063,9.355469,16044.6738,16054.0293,0,0,0,0,0,0,0,0,0,0,400,1600,0,41,210,405,15,50,0,1,2126.77344,138.175781,7.206397,0,0,0,0.00187841081,0,0,0,0,0,46.90625,8192,5900,2291,27.970171,14.11,1549312,1049600
11/11/2025 22:58:03,8.236021,4.482669,5.73253059,5.27758026,2.98689,0.7093787,3.27368975,1.42245889,2.37821937,1.46595836,10.65551,0.949311256,3.22901,0.7368922,2.502489,4.97690439,3.68847251,10.65551,5.620174,4416.705,44.25,1.11206615,1.36875,3533.364,35.4,0.737599254,1.05625,3533.364,35.4,0.3447981,1.06875,3533.364,35.4,0.350710422,1.05625,3533.364,35.4,0.3398048,1.075,3533.364,35.4,0.5614093,1.05,3533.364,35.4,0.3007621,1.0625,3533.364,35.4,0.3205668,1.04375,52.3750076,1.55,1.55,99.8125458,-1,496.5625,448.5586,48.0039063,9.355469,16044.6738,16054.0293,0,0,0,0,0,0,0,0,0,0,400,1600,0,41,210,405,19,59,0,2,2126.77344,138.175781,5.46253157,0,0,0,0.06842068,0,0,0,0,0,46.84375,8192,5900,2291,27.970171,13.742,1499136,999424
11/11/2025 22:58:04,3.26451063,1.1276722,4.60176468,0.249487162,1.66937113,0.7043779,1.234734,0.318527222,1.0612607,0.316995382,3.90787125,0,1.62520409,0.2140224,1.55567527,1.10034347,1.41620636,4.60176468,4.77721548,2520.267,25.25,0.72449106,0.85625,2520.267,25.25,0.434870064,0.84375,2520.267,25.25,0.34409517,0.85625,2520.267,25.25,0.239409357,0.84375,4391.753,44,0.2142189,1.3375,4391.753,44,0.203570262,1.30625,3513.402,35.2,0.212507084,1.05625,4391.753,44,0.252086967,1.3,51.7500076,1.55,1.55,99.81256,-1,496.5625,448.5586,48.0039063,9.355469,16044.6738,16054.0293,0,0,0,0,0,0,0,0,0,0,400,1600,0,41,210,405,14,64,0,1,2138.27734,138.175781,4.9110527,0,0,0.271765172,0.0151081169,0,0,0,0,0,46.625,8192,5889,2302,28.1105518,13.586,899072,999424
11/11/2025 22:58:05,4.31642532,2.59168744,4.99146557,1.37274265,3.476745,1.09929442,2.30446458,2.66494751,3.39136124,2.50167251,6.24004,1.21103525,2.09886432,0.9144306,3.36886048,2.018553,2.785164,6.24004,4.69662762,4391.752,44,0.9139508,1.35,4391.752,44,0.4294209,1.325,3513.40161,35.2,0.4331725,1.06875,3513.40161,35.2,0.314114839,1.05625,3513.40161,35.2,0.357562333,1.0625,4391.752,44,0.35353893,1.30625,3513.40161,35.2,0.182033509,1.05625,3513.40161,35.2,0.31613785,1.0375,51.1250076,1.55,1.55,99.8125458,-1,496.5625,448.5586,48.0039063,9.355469,16044.6738,16054.0293,0,0,0,0,0,0,0,0,0,0,400,1600,0,41,210,405,15,62,0,2,2138.27344,137.097656,3.23574638,0,0,0.145651013,0.00165130477,0,0,0,0,0,46.625,8192,5889,2302,28.1105518,13.532,899072,999424
11/11/2025 22:58:06,4.18174267,2.97840238,4.88628769,0.4406929,2.94656157,0,2.678287,2.29048729,2.87101269,1.65029764,7.08488846,1.00846887,2.35846043,0.831908,2.76712775,2.13034749,2.547747,7.08488846,4.81595039,2520.267,25.25,0.947445333,0.85625,2520.267,25.25,0.3550466,0.84375,2520.267,25.25,0.316566616,0.85625,4391.753,44,0.468083829,1.3125,3513.402,35.2,0.26903373,1.0625,4391.753,44,0.424874157,1.30625,4391.753,44,0.215552211,1.33125,4391.753,44,0.2563577,1.3,50.6250076,1.55,1.55,99.81256,-1,496.5625,448.5586,48.0039063,9.355469,16044.6738,16054.0293,0,0,0,0,0,0,0,0,0,0,400,1600,0,41,210,405,14,58,0,1,2126.77344,138.175781,4.862158,0,0,0.0649544,0.0021350754,0,0,0,0,0,46.75,8192,5900,2291,27.970171,13.748,899072,999424
11/11/2025 22:58:07,3.11496258,1.7919302,3.90316844,2.3480773,1.59981847,2.07964182,1.619482,0.6314039,0.9268701,0.597900152,4.609603,0,0.77932477,0,1.44805312,1.5583992,1.65985823,4.609603,4.73454142,2520.267,25.25,1.02037847,0.85625,2520.267,25.25,0.476563483,0.84375,2520.267,25.25,0.386746049,0.85625,2520.267,25.25,0.457414746,0.84375,2520.267,25.25,0.3476943,0.85625,4416.70557,44.25,0.311536461,0.8375,4416.70557,44.25,0.207383215,1.34375,4416.70557,44.25,0.260442,1.31875,50.1250076,1.55,1.55,99.81255,-1,496.5625,448.5586,48.0039063,9.355469,16044.6738,16054.0293,0,0,0,0,0,0,0,0,0,0,400,1600,0,41,210,405,12,57,0,2,2126.77344,138.175781,5.89425373,0,0,0,0.0679807439,0,0,0,0,0,46.5625,8192,5900,2291,27.970171,13.558,7499776,999424
11/11/2025 22:58:08,5.24557829,5.34492731,8.123552,2.15557814,4.16175127,2.21723914,3.07642817,1.75573826,2.92179,2.01334953,5.75935841,0.9871483,2.07136273,1.19658709,3.15732956,2.83125043,3.31368446,8.123552,5.171365,2520.26733,25.25,0.6813892,0.8375,3533.365,35.4,0.539934337,0.825,4416.706,44.25,0.376583844,1.35625,4416.706,44.25,0.3196275,1.33125,4416.706,44.25,0.266553164,1.35625,4416.706,44.25,0.285825044,1.31875,4416.706,44.25,0.1936546,1.34375,4416.706,44.25,0.316420645,1.3125,49.8750076,1.55,1.55,99.81257,-1,496.5625,448.5586,48.0039063,9.355469,16044.6738,16054.0293,0,0,0,0,0,0,0,0,0,0,400,1600,0,41,210,405,35,42,0,2,2126.77344,138.175781,7.792481,0,0,0,0.0231033787,0,0,0,0,0,46.59375,8192,5900,2291,27.970171,14.323,4049920,999424
11/11/2025 22:58:09,5.09783649,2.68193483,5.14724255,1.55934691,2.65138149,1.72683,2.464962,2.85884142,2.54869461,2.04444528,5.40397167,1.80766582,3.29078436,1.14347339,2.98062563,2.3006022,2.856791,5.40397167,4.85761452,4391.75244,44,0.8460852,1.35,4391.75244,44,0.427762747,1.325,3513.40186,35.2,0.239819452,1.06875,3513.40186,35.2,0.2816502,1.05625,3513.40186,35.2,0.232376158,1.06875,4391.75244,44,0.2780647,1.30625,3513.40186,35.2,0.243389815,1.05625,3513.40186,35.2,0.279259861,1.0375,49.6250076,1.55,1.55,99.81255,-1,496.5625,448.5586,48.0039063,9.355469,16044.6738,16054.0293,0,0,0,0,0,0,0,0,0,0,400,1600,0,41,210,405,9,59,0,1,2126.77344,138.175781,3.90315151,0,0,0,0.00157382351,0,0,0,0,0,46.8125,8192,5900,2291,27.970171,13.086,4.454912E+07,3099648
11/11/2025 22:58:10,4.130763,2.56695747,5.704027,1.49291158,2.53090858,1.93873048,2.55402923,1.79234743,2.78415084,1.47476792,4.83065844,0.9282291,2.25834846,0,2.58396268,1.58547759,2.40653157,5.704027,4.76004553,4391.75244,44,0.8416926,1.35,4391.75244,44,0.5017453,1.325,4391.75244,44,0.3502093,1.34375,4391.75244,44,0.306736261,1.3125,4391.75244,44,0.280376673,1.3375,4391.75244,44,0.25247094,1.30625,4391.75244,44,0.200722948,1.33125,4391.75244,44,0.234303519,1.29375,49.3750076,1.55,1.55,99.81255,-1,496.5625,448.5586,48.0039063,9.355469,16044.6738,16054.0293,0,0,0,0,0,0,0,0,0,0,400,1600,0,41,210,405,8,57,0,1,2126.77344,138.175781,2.62004232,0,0,0,0.00329871546,0,0,0,0,0,46.46875,8192,5900,2291,27.970171,13.175,899072,2399232
11/11/2025 22:58:11,4.51113,2.26024985,4.520297,1.82634,2.815789,0.8972585,3.36279273,2.12003,2.65337825,1.49884224,5.89650249,0.8758187,2.14390755,0.8196771,3.03174257,1.53307915,2.54793167,5.89650249,4.740419,4416.70654,44.25,0.9820641,1.36875,3533.36523,35.4,0.405513883,1.0625,3513.40259,35.2,0.265339464,1.06875,4391.75342,44,0.382641047,1.33125,4391.75342,44,0.302714169,1.3375,4391.75342,44,0.284345269,1.30625,4391.75342,44,0.212862268,1.33125,4391.75342,44,0.25981763,1.29375,49.0000076,1.55,1.55,99.81258,-1,496.5625,448.5586,48.0039063,9.355469,16044.6738,16054.0293,0,0,0,0,0,0,0,0,0,0,400,1600,0,41,210,405,18,61,0,1,2126.77344,138.175781,4.441972,0,0,0,0.00327462354,0,0,0,0,0,46.53125,8192,5900,2291,27.970171,13.149,1499136,2399232
11/11/2025 22:58:12,3.21617126,1.690048,5.470538,0.499349833,2.733016,0,1.71393752,1.10877752,1.849103,0.339090824,7.026142,0,1.29304528,1.89632177,1.88142657,0.945830345,1.93369985,7.026142,5.36881065,2520.265,25.25,0.8878973,0.85625,2520.265,25.25,0.556406,0.84375,2520.265,25.25,0.351344824,0.85625,2520.265,25.25,0.442658871,0.84375,2520.265,25.25,0.293227524,0.85625,2520.265,25.25,0.42146945,0.8375,4391.74854,44,0.277657926,0.85,4391.74854,44,0.313265324,1.3,49.0000076,1.55,1.55,99.81247,-1,496.5625,448.5586,48.0039063,9.355469,16044.6738,16054.0293,0,0,0,0,0,0,0,0,0,0,400,1600,0,41,210,405,40,60,0,1,2126.77344,138.175781,5.798928,0,0,0,0,0,0,0,0,0,46.71875,8192,5900,2291,27.970171,13.852,1549312,2449408
11/11/2025 22:58:13,5.484712,4.77051735,4.9773097,6.971818,6.374592,1.10576153,3.13364267,3.40775251,3.306818,1.79383755,10.1657982,1.26417279,3.73387933,0,3.4098208,5.45063,4.058653,10.1657982,5.78906441,2520.269,25.25,0.931528866,0.85625,2520.269,25.25,0.716443539,0.84375,2520.269,25.25,0.4810431,0.85625,2520.269,25.25,0.422665864,0.84375,2520.269,25.25,0.3059883,0.85625,2520.269,25.25,0.537728667,0.8375,2520.269,25.25,0.3221322,0.85,2520.269,25.25,0.436253339,0.83125,49.5000076,1.55,1.55,99.81264,-1,496.5625,448.5586,48.0039063,9.355469,16044.6738,16054.0293,0,0,0,0,0,0,0,0,0,0,400,1600,0,41,225,405,43,52,0,1,2126.77344,138.175781,5.67657137,0,0,0,0.00162804511,0,0,0,0,0,46.8125,8192,5900,2291,27.970171,13.699,1499136,949248
11/11/2025 22:58:14,4.21723747,2.55833268,4.485178,0.790739059,2.15678215,0.7975817,1.871568,1.41497254,2.15247869,1.87116265,5.25807762,0.6056905,1.76193714,2.106297,2.312827,1.45875812,2.23872662,5.25807762,4.61141539,2520.267,25.25,0.9556904,0.85625,2520.267,25.25,0.3275857,0.84375,2520.267,25.25,0.258029222,0.85625,2520.267,25.25,0.3193999,0.84375,2520.267,25.25,0.25891304,0.85625,4391.75244,44,0.243777335,0.8375,4391.75244,44,0.182924822,0.85,4391.75244,44,0.220597729,1.29375,49.1250076,1.55,1.55,99.81255,-1,496.5625,448.5586,48.0039063,9.355469,16044.6738,16054.0293,0,0,0,0,0,0,0,0,0,0,400,1600,0,41,225,405,21,58,0,1,2126.77344,138.175781,3.52874327,0,0,0,0.002580017,0,0,0,0,0,46.53125,8192,5900,2291,27.970171,14.027,1549312,949248
11/11/2025 22:58:15,5.14873266,2.9926002,6.71019554,2.89664268,4.462564,3.0090034,3.80874872,2.7433455,3.06434035,2.22458243,8.133072,1.63013935,3.51705551,1.69509649,4.09954166,2.554053,3.66809368,8.133072,5.142693,2520.267,25.25,0.768409848,0.85625,2520.267,25.25,0.545188844,0.84375,2520.267,25.25,0.4148982,0.85625,2520.267,25.25,0.333603323,0.84375,2520.267,25.25,0.269439965,0.85625,2520.267,25.25,0.432301849,0.8375,2520.267,25.25,0.26601553,0.85,2520.267,25.25,0.313421428,0.83125,48.8750076,1.55,1.55,99.81255,-1,496.5625,448.5586,48.0039063,9.355469,16044.6738,16054.0293,0,0,0,0,0,0,0,0,0,0,400,1600,0,41,210,405,12,44,0,1,2126.77344,138.175781,7.2370863,0,0,0,0.001588219,0,0,0,0,0,46.625,8192,5900,2291,27.970171,13.818,899072,999424
11/11/2025 22:58:16,3.46109867,1.26004815,3.107363,0.126028061,2.37177014,0,1.52519345,0.811064243,0.7757187,0.283318758,4.174781,0,1.331228,0,1.572448,0.4737854,1.263231,4.174781,4.723762,2520.26733,25.25,0.9268759,0.85625,2520.26733,25.25,0.370612,0.84375,2520.26733,25.25,0.336088568,0.85625,2520.26733,25.25,0.374026716,0.84375,2520.26733,25.25,0.2922972,0.85625,2520.26733,25.25,0.329224825,0.8375,2520.26733,25.25,0.241305038,0.85,4416.706,44.25,0.274184465,0.83125,48.7500076,1.55,1.55,99.81257,-1,496.5625,448.5586,48.0039063,9.355469,16044.6738,16054.0293,0,0,0,0,0,0,0,0,0,0,400,1600,0,41,210,405,16,55,0,2,2126.77344,138.175781,4.34198952,0,0,0,0.0521528348,0,0,0,0,0,46.71875,8192,5900,2291,27.970171,13.684,849920,999424
11/11/2025 22:58:17,4.35858965,3.110683,4.706293,0.430691242,3.17153335,0.4610002,2.497691,2.095151,2.96139717,2.06428766,5.59395552,1.23375058,0.855827332,0,2.94018984,1.81293488,2.37634182,5.59395552,4.63483429,2520.267,25.25,1.11725044,0.85625,2520.267,25.25,0.39321655,0.84375,3513.402,35.2,0.295309871,0.85625,3513.402,35.2,0.273278624,1.05625,3513.402,35.2,0.2728092,1.0625,4391.753,44,0.260633975,1.30625,3513.402,35.2,0.235490516,1.05625,3513.402,35.2,0.230824083,1.0375,48.3750076,1.55,1.55,99.81256,-1,496.5625,448.5586,48.0039063,9.355469,16044.6738,16054.0293,0,0,0,0,0,0,0,0,0,0,400,1600,0,41,210,405,19,44,0,1,2126.77344,138.175781,4.98209143,0,0,0,0.002127623,0,0,0,0,0,46.4375,8192,5900,2291,27.970171,13.564,949248,949248
11/11/2025 22:58:18,4.23020124,2.56518722,5.14163971,2.90616155,2.792561,3.007388,2.01581717,1.69404149,2.72876024,1.53380036,5.177182,1.002723,3.45383286,2.34887,5.407423,2.5675416,3.03582549,5.407423,4.70535469,3513.40112,35.2,0.9324503,1.35,3553.32617,35.6,0.509412766,1.0625,3553.32617,35.6,0.315609425,1.075,3553.32617,35.6,0.2948941,1.0625,3553.32617,35.6,0.334774941,1.075,3553.32617,35.6,0.256931365,1.05625,4441.65771,44.5,0.224937692,1.35625,4441.65771,44.5,0.408843726,1.33125,48.2500076,1.55,1.55,99.81253,-1,496.5625,448.5586,48.0039063,9.355469,16044.6738,16054.0293,0,0,0,0,0,0,0,0,0,0,400,1600,0,41,210,405,21,55,0,1,2126.77344,138.175781,6.29681253,0,0,0,0,0,0,0,0,0,46.5,8192,5900,2291,27.970171,13.381,1549312,999424
11/11/2025 22:58:19,2.8870523,0.9899914,3.45704556,0,0.990951061,0,0.384569168,0.9017408,0.902682543,0.127738714,4.19291258,0,0.737828,0,1.22161508,0.5049288,0.977689,4.19291258,4.5129776,2520.26782,25.25,0.867415369,0.85625,2520.26782,25.25,0.505385637,0.84375,2520.26782,25.25,0.253015339,0.85625,2520.26782,25.25,0.253706485,0.84375,2520.26782,25.25,0.2574386,0.85625,2520.26782,25.25,0.247839555,0.8375,2520.26782,25.25,0.212960482,0.85,2520.26782,25.25,0.213574812,0.83125,48.0000076,1.55,1.55,99.8125839,-1,496.5625,448.5586,48.0039063,9.355469,16044.6738,16054.0293,0,0,0,0,0,0,0,0,0,0,400,1600,0,41,210,405,22,50,0,1,2126.77344,137.589844,3.89796376,0,0,0.08253243,0.00438607251,0,0,0,0,0,46.5625,8192,5900,2291,27.970171,13.604,1499136,999424
11/11/2025 22:58:20,4.23159027,2.550131,4.198951,1.62842274,2.66945958,0.9625077,3.62406969,1.43830776,2.52745748,1.65324211,6.230569,0.6853521,1.8281579,0.7362604,3.21519971,1.93496943,2.507162,6.230569,4.874786,2520.267,25.25,0.932469845,0.85625,2520.267,25.25,0.39353624,0.84375,2520.267,25.25,0.293842643,0.85625,2520.267,25.25,0.365231782,0.84375,2520.267,25.25,0.314024031,0.85625,2520.267,25.25,0.282699674,0.8375,3513.40186,35.2,0.202452987,0.85,4391.75244,44,0.2846737,1.3,47.8750076,1.55,1.55,99.81255,-1,496.5625,448.5586,48.0039063,9.355469,16044.6738,16054.0293,0,0,0,0,0,0,0,0,0,0,400,1600,0,41,210,405,21,56,0,1,2126.77344,137.589844,5.517832,0,0,0,0,0,0,0,0,0,46.46875,8192,5900,2291,27.970171,13.508,1499136,999424
11/11/2025 22:58:21,4.98908138,2.8095305,6.04029274,1.79798007,3.90954018,1.13837719,3.1881094,2.1068573,3.328538,1.7786026,6.117958,1.32939219,2.635467,0.94665885,3.40235233,2.28683949,2.98784375,6.117958,4.92659569,2520.267,25.25,0.8962627,0.85625,2520.267,25.25,0.5102018,0.84375,2520.267,25.25,0.2972747,0.85625,2520.267,25.25,0.3605331,0.84375,2520.267,25.25,0.296684146,0.85625,2520.267,25.25,0.325606585,0.8375,2520.267,25.25,0.21207124,0.85,2520.267,25.25,0.283906877,0.83125,47.8750076,1.55,1.55,99.81256,-1,496.5625,448.5586,48.0039063,9.355469,16044.6738,16054.0293,0,0,0,0,0,0,0,0,0,0,400,1600,0,41,210,405,22,56,0,2,2126.77344,137.589844,5.922755,0,0,0,0.004326645,0,0,0,0,0,46.46875,8192,5900,2291,27.970171,13.743,949248,999424
11/11/2025 22:58:22,4.8371973,2.482009,4.5689106,2.16895938,3.12188268,1.14107132,2.41653919,1.936692,2.23150253,1.81657672,6.70599937,1.2819171,2.22318172,0.8829057,2.64562964,1.69099569,2.63450146,6.70599937,4.65945,4416.706,44.25,0.9700773,1.36875,3533.365,35.4,0.408142358,1.05625,3533.365,35.4,0.3206671,1.06875,3533.365,35.4,0.341368735,1.05625,3533.365,35.4,0.290550649,1.075,4416.706,44.25,0.296247631,1.31875,3533.365,35.4,0.24991329,1.0625,3533.365,35.4,0.2259964,1.04375,47.7500076,1.55,1.55,99.81257,-1,496.5625,448.5586,48.0039063,9.355469,16044.6738,16054.0293,0,0,0,0,0,0,0,0,0,0,400,1600,0,41,210,405,23,59,0,1,2126.77344,137.589844,4.77729464,0,0,0,0,0,0,0,0,0,46.71875,8192,5900,2291,27.970171,13.444,1549312,999424
11/11/2025 22:58:23,4.831171,6.62691,5.889249,2.80457139,3.65059972,0.7430494,6.85637,1.9630909,2.41215229,1.68809891,6.345791,1.66751742,2.86349058,1.08857155,3.21543217,6.709242,3.70970964,6.85637,5.691761,2520.267,25.25,1.18671525,0.85625,2520.267,25.25,0.619505167,0.84375,2520.267,25.25,0.339672744,0.85625,2520.267,25.25,0.6354237,0.84375,2520.267,25.25,0.343199968,0.85625,2520.267,25.25,0.4421578,0.8375,2520.267,25.25,0.2996042,0.85,2520.267,25.25,0.5111912,0.83125,48.5000076,1.55,1.55,99.81255,-1,496.5625,448.5586,48.0039063,9.355469,16044.6738,16054.0293,0,0,0,0,0,0,0,0,0,0,400,1600,0,41,210,405,14,53,0,1,2126.77344,137.589844,4.97834539,0,0,0,0.00323722116,0,0,0,0,0,46.8125,8192,5900,2291,27.970171,13.72,5.394944E+07,1299456
11/11/2025 22:58:24,4.66858149,2.15827823,6.261289,4.32978868,2.81450152,0.976789,2.65014172,1.95819139,3.01743746,1.47591829,5.424219,1.08767748,2.87690759,0.899452,3.29061151,1.98422074,2.8671205,6.261289,4.88915968,2520.26587,25.25,0.826076746,0.85625,2520.26587,25.25,0.543493748,0.84375,2520.26587,25.25,0.31814155,0.85625,2520.26587,25.25,0.3011746,0.84375,2520.26587,25.25,0.272145361,0.85625,3513.40039,35.2,0.267727166,0.8375,3513.40039,35.2,0.229192361,0.85,3513.40039,35.2,0.2682336,1.0375,48.2500076,1.55,1.55,99.81251,-1,496.5625,448.5586,48.0039063,9.355469,16044.6738,16054.0293,0,0,0,0,0,0,0,0,0,0,400,1600,0,41,255,405,47,50,0,2,2126.77344,137.589844,9.829428,0,0,0,0.0125874914,0,0,0,0,0,46.4375,8192,5900,2291,27.970171,13.968,1499136,999424
11/11/2025 22:58:25,3.653556,1.29858255,4.61160564,0.6933749,2.45164633,0,1.11824274,1.66705847,2.01682448,0.6099224,4.803443,0,0.9454608,0,1.80135369,0.6094396,1.5162766,4.803443,4.896319,4416.708,44.25,0.8283455,1.3625,3533.36646,35.4,0.4882042,1.05625,3533.36646,35.4,0.291890681,1.06875,3533.36646,35.4,0.33875522,1.05625,4416.708,44.25,0.448547244,1.35,3533.36646,35.4,0.358406574,1.05,3533.36646,35.4,0.243520737,1.0625,4416.708,44.25,0.252987146,1.3125,48.1250076,1.55,1.55,99.8126144,-1,496.5625,448.5586,48.0039063,9.355469,16044.6738,16054.0293,0,0,0,0,0,0,0,0,0,0,400,1600,0,41,255,405,21,55,0,1,2126.77344,137.589844,6.09753561,0,0,0,0.00330325426,0,0,0,0,0,46.5,8192,5900,2291,27.970171,14.675,999424,999424
11/11/2025 22:58:26,4.89712954,2.559477,6.930852,2.78530121,3.19880247,2.94188261,3.43652964,1.94585919,2.08178163,1.86641216,4.11038971,2.62125134,2.21592188,1.281631,2.58286,1.98124051,2.96484232,6.930852,4.84610748,2520.26685,25.25,0.709278166,0.85625,2520.26685,25.25,0.495231748,0.84375,2520.26685,25.25,0.296209067,0.85625,2520.26685,25.25,0.349367738,0.84375,2520.26685,25.25,0.2874158,0.85625,2520.26685,25.25,0.213831589,0.8375,2520.26685,25.25,0.215059265,0.85,2520.26685,25.25,0.230313227,0.83125,48.0000076,1.55,1.55,99.8125458,-1,496.5625,448.5586,48.0039063,9.355469,16044.6738,16054.0293,0,0,0,0,0,0,0,0,0,0,400,1600,0,41,210,405,15,52,0,1,2126.77344,137.589844,6.50920773,0,0,0,0.003813491,0,0,0,0,0,46.625,8192,5900,2291,27.970171,13.691,46449664,4999168
11/11/2025 22:58:27,5.05737066,2.87332535,10.0944157,3.62194777,5.630672,2.10456848,4.17363644,2.832216,3.71953249,1.947689,6.289893,1.45977139,3.301406,1.49328709,3.657955,2.239585,3.78108025,10.0944157,5.43107,2520.267,25.25,0.6378811,0.85625,2520.267,25.25,0.7234873,0.84375,2520.267,25.25,0.4194127,0.85625,2520.267,25.25,0.38160786,0.84375,2520.267,25.25,0.251214445,0.85625,2520.267,25.25,0.265981972,0.8375,2520.267,25.25,0.241869256,0.85,4391.753,44,0.271144241,0.83125,48.2500076,1.55,1.55,99.81256,-1,496.5625,448.5586,48.0039063,9.355469,16044.6738,16054.0293,0,0,0,0,0,0,0,0,0,0,400,1600,0,41,210,405,26,56,0,1,2126.77344,137.589844,7.80410147,0,0,0,0.06496876,0,0,0,0,0,46.4375,8192,5900,2291,27.970171,14.168,1499136,2949120
11/11/2025 22:58:28,3.52168679,0.6806135,5.169654,0.667053461,4.00806665,0,2.03843117,0.423252583,2.43609548,0.301909447,4.819882,0,1.49203539,0,4.58783531,0.7270932,1.87331438,5.169654,5.020676,3553.32544,35.6,0.6883552,1.08125,4441.65674,44.5,0.4848591,1.35625,3553.32544,35.6,0.418317974,1.075,3553.32544,35.6,0.393698037,1.0625,3553.32544,35.6,0.373589784,1.075,3553.32544,35.6,0.356446981,1.05625,3553.32544,35.6,0.234018132,1.06875,3553.32544,35.6,0.400508344,1.05,48.2500076,1.55,1.55,99.8125153,-1,496.5625,448.5586,48.0039063,9.355469,16044.6738,16054.0293,0,0,0,0,0,0,0,0,0,0,400,1600,0,41,210,405,17,49,0,1,2138.27344,136.511719,5.11614752,0,0,0.21761179,0.0124389781,0,0,0,0,0,46.65625,8192,5889,2302,28.1105518,14.868,60749824,1249280
11/11/2025 22:58:29,4.979658,2.756828,6.69527054,2.67744064,5.63125038,1.24480724,3.64089012,1.95006728,3.264308,1.42439008,5.3910675,0.9005785,2.92996168,1.341778,3.92361283,2.261281,3.188324,6.69527054,5.228076,2520.268,25.25,0.8224482,0.85625,2520.268,25.25,0.621502638,0.84375,2520.268,25.25,0.391248971,0.85625,2520.268,25.25,0.40200606,0.84375,2520.268,25.25,0.321955919,0.85625,2520.268,25.25,0.26169768,0.8375,2520.268,25.25,0.326852947,0.85,2520.268,25.25,0.3249391,0.83125,48.1250076,1.55,1.55,99.8126,-1,496.5625,448.5586,48.0039063,9.355469,16044.6738,16054.0293,0,0,0,0,0,0,0,0,0,0,400,1600,0,41,210,405,12,50,0,1,2126.77344,137.589844,4.408843,0,0,0.04257295,0.009301568,0,0,0,0,0,46.625,8192,5900,2291,27.970171,14.73,1499136,1849344
11/11/2025 22:58:30,5.550182,2.6335597,8.267337,2.89080143,5.6117115,1.33383274,4.54539061,3.093201,5.442423,2.05739737,6.497562,1.34832263,3.85307074,1.26563907,3.74379754,2.52007246,3.79089117,8.267337,5.324126,3513.402,35.2,0.6634221,1.06875,4391.753,44,0.626802,1.325,4391.753,44,0.3819503,1.35625,4391.753,44,0.4297056,1.31875,4391.753,44,0.42619893,1.3375,3513.402,35.2,0.342930883,1.05,3513.402,35.2,0.301775753,1.0625,4391.753,44,0.307333678,1.3,48.2500076,1.55,1.55,99.81256,-1,496.5625,448.5586,48.0039063,9.355469,16044.6738,16054.0293,0,0,0,0,0,0,0,0,0,0,400,1600,0,41,210,405,25,51,0,1,2126.77344,137.589844,7.56742859,0,0,0,0.00482742954,0,0,0,0,0,46.5,8192,5900,2291,27.970171,14.189,1799168,949248
11/11/2025 22:58:31,5.203623,3.14769745,6.603503,4.841709,6.30355453,1.30852461,3.973788,2.41495371,3.876251,0.8976579,6.00910759,1.48473978,3.93723249,1.389575,4.99179363,2.396202,3.67375016,6.603503,5.20884037,4391.753,44,0.7107779,1.35,4391.753,44,0.6146801,1.31875,4391.753,44,0.449926,1.34375,3513.402,35.2,0.398695052,1.05625,3513.402,35.2,0.3461307,1.06875,3513.402,35.2,0.3706173,1.04375,3513.402,35.2,0.330387175,1.05625,3513.402,35.2,0.32964468,1.0375,48.2500076,1.55,1.55,99.81256,-1,496.5625,448.5586,48.0039063,9.355469,16044.6738,16054.0293,0,0,0,0,0,0,0,0,0,0,400,1600,0,41,210,405,27,49,0,1,2138.27344,136.4336,5.56563,0,0,0.268113732,0.0804054,0,0,0,0,0,46.53125,8192,5889,2302,28.1105518,15.213,1.469952E+07,3349504
11/11/2025 22:58:32,4.07611752,1.31917,5.97855473,1.18346214,4.438299,0.0373840332,2.84169316,1.68022513,2.46163,2.56425142,5.083805,0.3294289,1.83947086,0.127255917,3.03602815,1.56240463,2.409947,5.97855473,5.09720755,4391.752,44,0.6821163,1.35,4391.752,44,0.5098304,1.325,4391.752,44,0.3870294,1.34375,4391.752,44,0.43574205,1.3125,4391.752,44,0.326500148,1.3375,4391.752,44,0.337778121,1.30625,3513.40161,35.2,0.261340529,1.05625,3513.40161,35.2,0.304001868,1.0375,48.1250076,1.55,1.55,99.8125458,-1,496.5625,448.5586,48.0039063,9.355469,16044.6738,16054.0293,0,0,0,0,0,0,0,0,0,0,400,1600,0,41,210,405,17,48,0,1,2138.27734,137.589844,2.301373,0,0,0.252294928,0.007331751,0,0,0,0,0,46.71875,8192,5889,2302,28.1105518,14.682,949248,1299456
11/11/2025 22:58:33,7.704705,3.75395417,6.54637241,5.284047,5.29500866,0,5.249673,2.179861,4.529399,2.36084461,13.1016788,1.316303,4.670697,1.16520524,3.60921621,3.55214477,4.360211,13.1016788,6.058266,3533.365,35.4,0.9815489,1.075,3533.365,35.4,0.705198,1.05625,3533.365,35.4,0.3756648,1.06875,3533.365,35.4,0.501819432,1.05625,4416.706,44.25,0.41212973,1.35,4416.706,44.25,0.6729041,1.31875,3533.365,35.4,0.34975794,1.0625,3533.365,35.4,0.35603115,1.04375,48.8750076,1.55,1.55,99.81257,-1,496.5625,448.5586,48.0039063,9.355469,16044.6738,16054.0293,0,0,0,0,0,0,0,0,0,0,400,1600,0,41,210,405,16,49,0,1,2126.77344,137.511719,3.465249,0,0,0.2910569,0.0116414847,0,0,0,0,0,46.4375,8192,5900,2291,27.970171,14.72,899072,999424
11/11/2025 22:58:34,3.85797024,2.34848261,6.278622,1.063925,4.148245,1.26329064,1.93017721,0.8004546,2.06244588,4.695648,4.92457771,0,2.22851038,0,2.68589854,0.6689131,2.40831375,6.278622,5.41966534,2520.2666,25.25,0.8614403,0.85625,2520.2666,25.25,0.6164795,0.84375,2520.2666,25.25,0.4153736,0.85625,2520.2666,25.25,0.332619727,0.84375,2520.2666,25.25,0.6108253,0.85625,2520.2666,25.25,0.301914722,0.8375,2016.21326,20.2,0.268835157,0.85,4416.70459,44.25,0.306159735,0.83125,49.3750076,1.55,1.55,99.81254,-1,496.5625,448.5586,48.0039063,9.355469,16044.6738,16054.0293,0,0,0,0,0,0,0,0,0,0,400,1600,0,41,210,405,28,53,0,1,2126.77344,137.589844,7.160238,0,0,0.0352525674,0.0399951972,0,0,0,0,0,46.59375,8192,5900,2291,27.970171,15.102,1549312,1699840
11/11/2025 22:58:35,4.21654,2.55635977,4.83682728,2.22712755,2.69390941,2.084452,2.899462,1.57439113,2.77848244,1.47472024,5.24501228,0.7507026,2.525717,1.17833018,2.815169,1.483351,2.58378386,5.24501228,4.71458149,4416.70654,44.25,0.9644476,1.36875,3533.36523,35.4,0.5252097,1.05625,3533.36523,35.4,0.330144137,1.06875,3533.36523,35.4,0.3653055,1.05625,3533.36523,35.4,0.263136536,1.06875,3533.36523,35.4,0.294621527,1.05,4416.70654,44.25,0.3005081,1.3375,3533.36523,35.4,0.245379418,1.04375,49.1250076,1.55,1.55,99.81258,-1,496.5625,448.5586,48.0039063,9.355469,16044.6738,16054.0293,0,0,0,0,0,0,0,0,0,0,400,1600,0,41,210,405,13,44,0,2,2126.77344,137.589844,5.188014,0,0,0,0.00540130539,0,0,0,0,0,46.59375,8192,5900,2291,27.970171,14.257,1499136,999424
11/11/2025 22:58:36,4.52386761,2.62981057,5.355501,1.49651766,2.65002251,1.01739764,1.89476013,2.619028,3.07022929,1.73724294,5.543947,1.40509009,2.28791237,0.952839851,3.30693126,1.63288116,2.63274312,5.543947,4.69859648,2520.267,25.25,0.9998212,0.85625,2520.267,25.25,0.4243344,0.84375,2520.267,25.25,0.269929171,0.85625,2520.267,25.25,0.281114846,0.84375,2520.267,25.25,0.2372314,0.85625,2520.267,25.25,0.239041984,0.8375,2520.267,25.25,0.194332033,0.85,2520.267,25.25,0.216188446,0.83125,48.7500076,1.55,1.55,99.81255,-1,496.5625,448.5586,48.0039063,9.355469,16044.6738,16054.0293,0,0,0,0,0,0,0,0,0,0,400,1600,0,41,210,405,24,53,0,1,2126.77344,137.589844,4.130087,0,0,0,0.00330027379,0,0,0,0,0,46.6875,8192,5900,2291,27.970171,13.507,1549312,949248
11/11/2025 22:58:37,4.55557728,2.53639817,5.40704727,1.45145059,3.20684314,0.961011648,0.7507086,2.14891434,2.15386748,1.6676724,6.08219528,1.08902454,2.10837722,1.10362768,3.09878,1.49829984,2.48873234,6.08219528,4.619805,2520.26685,25.25,1.00897789,0.85625,2520.26685,25.25,0.425099581,0.84375,4391.752,44,0.290577263,1.34375,4391.752,44,0.390598774,1.3125,3513.40161,35.2,0.242774218,1.0625,4391.752,44,0.321763277,1.30625,3513.40161,35.2,0.243994355,1.05625,4391.752,44,0.190572038,1.3,48.5000076,1.55,1.55,99.8125458,-1,496.5625,448.5586,48.0039063,9.355469,16044.6738,16054.0293,0,0,0,0,0,0,0,0,0,0,400,1600,0,41,210,405,25,49,0,2,2126.77344,137.589844,3.75987673,0,0,0,0,0,0,0,0,0,46.40625,8192,5900,2291,27.970171,13.498,5.394944E+07,1299456
11/11/2025 22:58:38,3.4894824,1.68343186,4.876137,0,2.531463,0.9702623,3.37296724,0.825160742,1.2435317,0.5327642,4.074776,0,0.9930849,0,1.79805756,3.38690281,1.68805718,4.876137,4.88644743,2520.26733,25.25,0.8453916,0.85625,2520.26733,25.25,0.458479375,0.84375,2520.26733,25.25,0.352537841,0.85625,4416.706,44.25,0.370654047,0.84375,3533.365,35.4,0.339639962,1.075,3533.365,35.4,0.25486666,1.05,3533.365,35.4,0.202935636,1.0625,4416.706,44.25,0.365574747,1.3125,48.3750076,1.55,1.55,99.81257,-1,496.5625,448.5586,48.0039063,9.355469,16044.6738,16054.0293,0,0,0,0,0,0,0,0,0,0,400,1600,0,41,210,405,24,45,0,1,2126.77344,137.589844,8.498592,0,0,0,0.00318530761,0,0,0,0,0,46.5,8192,5900,2291,27.970171,13.895,949248,1049600
11/11/2025 22:58:39,8.583861,7.024479,17.9034462,6.114024,8.021748,5.4591713,4.16138172,7.21675158,4.49610949,5.95445061,6.86388,5.34114265,5.176151,3.72421145,5.388981,4.04906273,6.59242868,17.9034462,7.87084866,3533.36475,35.4,1.00159156,1.075,4416.706,44.25,1.19593275,1.3375,4416.706,44.25,0.714772,1.35625,4416.706,44.25,0.6334106,1.33125,4416.706,44.25,0.5537869,1.35625,3533.36475,35.4,0.5683802,1.05,4416.706,44.25,0.521698236,1.34375,3533.36475,35.4,0.486537367,1.05,50.1250076,1.55,1.55,99.81256,-1,496.5625,448.5586,48.0039063,9.355469,16044.6738,16054.0293,0,0,0,0,0,0,0,0,0,0,400,1600,0,41,270,405,28,48,0,1,2126.77344,137.945313,13.8764277,0,0,0.011652234,0.00160305877,0,0,0,0,0,46.71875,8192,5900,2291,27.970171,14.432,899072,999424
11/11/2025 22:58:40,4.51802,2.44336128,8.085531,2.49291062,4.286659,2.06682086,3.29418778,3.42460871,3.22154164,2.06154,5.917698,1.22516751,2.51492858,1.48317814,3.043139,2.67900229,3.29739451,8.085531,5.08248949,2520.267,25.25,0.657512069,0.85625,2520.267,25.25,0.6830404,0.84375,2520.267,25.25,0.364912182,0.85625,2520.267,25.25,0.384646326,0.84375,2520.267,25.25,0.279786885,0.85625,2520.267,25.25,0.315931261,0.8375,4391.753,44,0.233622372,0.85,4391.753,44,0.245101109,0.83125,49.8750076,1.55,1.55,99.81256,-1,496.5625,448.5586,48.0039063,9.355469,16044.6738,16054.0293,0,0,0,0,0,0,0,0,0,0,400,1600,0,41,270,405,27,53,0,2,2126.77344,137.945313,4.71262264,0,0,0,0.04362628,0,0,0,0,0,46.46875,8192,5900,2291,27.970171,14.302,1499136,999424
11/11/2025 22:58:41,5.808669,1.82191133,13.0209808,1.84270144,4.63649035,1.6974926,3.9090693,1.38775706,3.20845246,1.01699233,6.94766045,2.14902759,3.83740067,1.56286955,5.442113,2.38237977,3.79199982,13.0209808,6.370796,4316.893,43.25,0.8981022,1.34375,4391.75244,44,0.971368968,1.34375,4391.75244,44,0.464944273,1.35,3513.40186,35.2,0.3925957,1.05625,3513.40186,35.2,0.367206,1.06875,3513.40186,35.2,0.5159899,1.05,3513.40186,35.2,0.437844843,1.05625,3513.40186,35.2,0.503451,1.04375,50.3750076,1.55,1.55,99.81255,-1,496.5625,448.5586,48.0039063,9.355469,16044.6738,16054.0293,0,0,0,0,0,0,0,0,0,0,400,1600,0,41,210,405,16,42,0,1,2126.77344,137.945313,9.546818,0,0,0,0.05099855,0,0,0,0,0,46.5625,8192,5900,2291,27.970171,13.599,335699968,20849664
11/11/2025 22:58:42,19.5893459,5.566919,60.9497,4.70126247,20.53684,9.474766,16.462534,8.4144,14.1752,4.78026867,21.16983,2.492112,6.41770363,9.741915,8.252841,10.4545355,13.9487629,60.9497,13.6218052,3533.3645,35.4,1.28494012,1.075,4416.70557,44.25,3.78704786,1.3375,4391.75244,44,1.64572847,1.35625,3513.40186,35.2,1.38968432,1.05625,3413.58936,34.2,1.02519691,1.0375,4266.987,42.75,1.19954026,1.29375,4266.987,42.75,0.8733159,1.31875,4266.987,42.75,0.9186629,1.2875,55.8750076,1.55,1.55,99.81255,-1,496.5625,448.5586,48.0039063,9.355469,16044.6738,16054.0293,0,0,0,0,0,0,0,0,0,0,400,1600,0,41,255,405,44,47,0,12,2126.77344,137.945313,25.04583,0,0,0,0.03779101,0,0,0,0,0,46.84375,8192,5900,2291,27.970171,15.296,335499264,999424
11/11/2025 22:58:43,17.3516922,4.668212,16.151804,11.4731369,11.2941322,3.61208916,6.39557838,8.235711,5.129254,2.46989131,13.0750771,3.143853,4.75187874,4.258519,4.804063,5.2146616,7.626849,17.3516922,8.891313,3533.36475,35.4,1.489817,1.075,4416.706,44.25,1.641454,1.3375,3533.36475,35.4,0.9644431,1.06875,3533.36475,35.4,0.893740535,1.05625,4416.706,44.25,0.7103901,1.35625,3533.36475,35.4,0.914334238,1.05,3533.36475,35.4,0.712025046,1.0625,4416.706,44.25,0.717471063,1.31875,56.3750076,1.55,1.55,99.81256,-1,496.5625,448.5586,48.0039063,9.355469,16044.6738,16054.0293,0,0,0,0,0,0,0,0,0,0,400,1600,0,41,255,405,23,56,0,2,2126.77344,137.945313,8.881905,0,0,0,0.00196229178,0,0,0,0,0,46.59375,8192,5900,2291,27.970171,14.06,1149952,999424
11/11/2025 22:58:44,6.411523,3.54204774,25.53022,2.21315026,11.2781286,3.5443306,4.47096252,2.24066973,7.81024075,2.00636983,6.40984154,0.713700056,3.251481,2.22831964,3.03391218,3.248942,5.49587,25.53022,7.50948572,3553.32715,35.6,0.8421736,1.08125,4441.659,44.5,1.8859148,1.35625,3553.32715,35.6,0.9642987,1.075,3553.32715,35.6,0.3736046,1.0625,3553.32715,35.6,0.6094729,1.075,3553.32715,35.6,0.352796972,1.05625,3553.32715,35.6,0.329024673,1.06875,3553.32715,35.6,0.338493973,1.05,57.1250076,1.55,1.55,99.81256,-1,496.5625,448.5586,48.0039063,9.355469,16044.6738,16054.0293,0,0,0,0,0,0,0,0,0,0,400,1600,0,41,210,405,19,47,0,2,2126.77344,137.945313,7.84838963,0,0,0,0.007609709,0,0,0,0,0,46.625,8192,5900,2291,27.970171,13.987,949248,999424
11/11/2025 22:58:45,6.657439,3.33111286,19.650835,2.87932158,5.723625,3.33406329,4.10219431,4.101014,4.44996929,3.36362123,7.51751661,2.05676556,3.017366,3.78044248,3.99858952,3.90566587,5.116844,19.650835,6.29011154,3493.43945,35,0.657086968,1.06875,4391.75244,44,1.21163225,1.3375,3513.40186,35.2,0.4174928,1.06875,3513.40186,35.2,0.469835341,1.05625,3513.40186,35.2,0.408622861,1.06875,3513.40186,35.2,0.40723747,1.05,3513.40186,35.2,0.344412,1.0625,4266.987,42.75,0.369305968,1.2875,56.6250076,1.55,1.55,99.81255,-1,496.5625,448.5586,48.0039063,9.355469,16044.6738,16054.0293,0,0,0,0,0,0,0,0,0,0,400,1600,0,41,210,405,33,56,0,2,2126.77344,137.945313,8.598384,0,0,0,0.0016182909,0,0,0,0,0,46.8125,8192,5900,2291,27.970171,13.208,347449344,40699904
11/11/2025 22:58:46,13.10128,5.717373,48.3578377,4.081291,13.764864,5.220228,8.413458,5.91439,9.009779,3.06552052,13.9481306,2.02677846,4.528266,5.9150753,8.776342,6.244457,9.880316,48.3578377,11.4528027,4341.84668,43.5,1.19657886,1.34375,4391.753,44,3.0401845,1.3375,4391.753,44,1.10419667,1.34375,3513.40234,35.2,0.9026573,1.05625,3513.40234,35.2,0.7506043,1.06875,3513.40234,35.2,0.8369366,1.05,3513.40234,35.2,0.684284568,1.0625,3513.40234,35.2,0.8818613,1.04375,58.0000076,1.55,1.55,99.81257,-1,496.5625,448.5586,48.0039063,9.355469,16044.6738,16054.0293,0,0,0,0,0,0,0,0,0,0,400,1600,0,41,225,405,44,47,0,12,2126.77344,137.945313,19.7165756,0,0,0,0.0176153462,0,0,0,0,0,46.6875,8192,5900,2291,27.970171,14.699,335699968,4.019917E+07
11/11/2025 22:58:47,15.1632786,7.13983774,56.9465179,6.57920837,18.93229,10.3358088,11.3846893,9.217662,29.242897,4.83298874,20.3217812,4.656619,9.233368,9.697503,10.818368,11.5828876,14.7553558,56.9465179,14.1458406,3513.40161,35.2,1.25337088,1.06875,4391.752,44,3.42987227,1.3375,3433.55151,34.4,1.45233607,1.05,4291.93945,43,1.0994997,1.3125,3433.55151,34.4,1.97269571,1.04375,4291.93945,43,1.20710182,1.3,4291.93945,43,0.9845134,1.31875,3433.55151,34.4,1.07784045,1.025,59.7500076,1.55,1.55,99.8125458,-1,496.5625,448.5586,48.0039063,9.355469,16044.6738,16054.0293,0,0,0,0,0,0,0,0,0,0,400,1600,0,41,270,405,48,55,0,2,2126.77344,137.945313,20.1671143,0,0,0,0.03744139,0,0,0,0,0,46.9375,8192,5900,2291,27.970171,14.874,341449728,4.149965E+07
11/11/2025 22:58:48,10.3869972,4.07518768,35.7867126,4.53662872,11.8622122,5.70253754,10.12125,5.31641245,7.81589746,3.154987,11.5911007,4.12465954,4.96122265,8.348328,6.22807741,5.831951,8.74025249,35.7867126,9.966199,2520.267,25.25,0.8640077,0.85625,2520.267,25.25,2.27424622,0.84375,2520.267,25.25,0.945487261,0.85625,2520.267,25.25,0.8743486,0.84375,2520.267,25.25,0.590955,0.85625,3533.3645,35.4,0.75358206,0.8375,3533.3645,35.4,0.703187466,1.0625,3533.3645,35.4,0.6237287,1.05,59.6250076,1.55,1.55,99.81255,-1,496.5625,448.5586,48.0039063,9.355469,16044.6738,16054.0293,0,0,0,0,0,0,0,0,0,0,400,1600,0,41,360,405,34,54,0,2,2126.77344,137.945313,20.1453762,0,0,0,0.0154738976,0,0,0,0,0,47.03125,8192,5900,2291,27.970171,15.453,1599488,40349696
11/11/2025 22:58:49,8.635306,3.87468934,31.7505951,4.52479744,9.889996,4.50593233,7.175308,4.83782864,6.89420128,4.60493,10.3464661,1.64296627,4.78144264,4.14380455,4.86320257,5.16654253,7.352376,31.7505951,8.498422,3553.32715,35.6,0.7036683,1.075,4441.659,44.5,2.03431845,1.35625,3553.32715,35.6,0.7598679,1.08125,3553.32715,35.6,0.649294853,1.0625,3553.32715,35.6,0.6175767,1.075,3553.32715,35.6,0.5360103,1.05625,3553.32715,35.6,0.466594875,1.06875,4441.659,44.5,0.475407273,1.33125,59.1250076,1.55,1.55,99.81256,-1,496.5625,448.5586,48.0039063,9.355469,16044.6738,16054.0293,0,0,0,0,0,0,0,0,0,0,400,1600,0,41,345,405,39,52,0,2,2126.77344,137.945313,15.6593819,0,0,0,0.007283617,0,0,0,0,0,46.96875,8192,5900,2291,27.970171,14.874,849920,1249280
11/11/2025 22:58:50,4.27923775,2.534902,7.65157938,1.95164084,4.08092737,1.64970756,3.12924981,2.087152,2.95351148,2.66144276,5.2482605,0.9732723,2.28585,1.10939741,2.85410285,1.81500912,2.95407176,7.65157938,5.00735235,2520.26685,25.25,0.8426927,0.85625,2016.21338,20.2,0.599434555,0.84375,3533.364,35.4,0.3803765,1.06875,3533.364,35.4,0.3518057,1.05625,4416.705,44.25,0.383397639,1.35625,3533.364,35.4,0.2909465,1.05,3533.364,35.4,0.263597041,1.0625,3533.364,35.4,0.2840326,1.05,57.8750076,1.55,1.55,99.8125458,-1,496.5625,448.5586,48.0039063,9.355469,16044.6738,16054.0293,0,0,0,0,0,0,0,0,0,0,400,1600,0,41,270,405,42,52,0,2,2126.77344,137.945313,5.955697,0,0,0,0.04769159,0,0,0,0,0,46.875,8192,5900,2291,27.970171,14.659,1499136,1049600
11/11/2025 22:58:51,12.1324425,5.936432,50.78491,4.46532965,15.2886982,5.48654175,11.2834511,7.602012,10.6200695,3.49140763,13.9500322,3.07580233,7.73733854,6.90823174,5.795872,6.73915148,10.706109,50.78491,11.5886364,4391.753,44,1.06382239,1.35,4391.753,44,3.1428473,1.325,4391.753,44,1.11908412,1.34375,4391.753,44,1.08749723,1.31875,4391.753,44,0.8034603,1.3375,4391.753,44,0.8393874,1.30625,4391.753,44,0.8535753,1.325,4391.753,44,0.6915539,1.3,59.0000076,1.55,1.55,99.81256,-1,496.5625,448.5586,48.0039063,9.355469,16044.6738,16054.0293,0,0,0,0,0,0,0,0,0,0,400,1600,0,42,375,405,56,56,0,13,2126.77344,137.945313,20.5204811,0,0,0,0.04387631,0,0,0,0,0,47.15625,8192,5900,2291,27.970171,14.728,53499904,4.144947E+07
11/11/2025 22:58:52,6.898999,1.56226158,19.4154625,1.123178,4.992318,2.40112543,5.415201,1.55531168,4.111332,0.7167518,6.536847,0,2.52258778,1.13782883,4.97102737,1.61030293,4.05313969,19.4154625,6.854662,2520.26733,25.25,0.8051644,0.85625,2520.26733,25.25,1.265927,0.84375,2520.26733,25.25,0.502730966,0.85625,4391.753,44,0.558657765,0.84375,3513.40234,35.2,0.528500259,0.85625,4391.753,44,0.406255752,1.30625,4391.753,44,0.3852382,1.325,4391.753,44,0.359488845,1.3,58.1250076,1.55,1.55,99.81257,-1,496.5625,448.5586,48.0039063,9.355469,16044.6738,16054.0293,0,0,0,0,0,0,0,0,0,0,400,1600,0,41,390,810,14,27,0,1,2126.77344,137.945313,6.13720655,0,0,0,0.009508773,0,0,0,0,0,47.21875,8192,5900,2291,27.970171,13.99,949248,999424
11/11/2025 22:58:53,8.498489,7.18687773,29.6365089,14.8073788,12.2846069,8.25172,7.764244,8.306509,11.7756424,2.93949246,18.3658485,2.28374,9.417552,7.907009,6.60219765,6.56476,10.1620312,29.6365089,11.4225159,2520.267,25.25,0.990255356,0.85625,2520.267,25.25,2.57886887,0.8375,2520.267,25.25,1.23165667,0.85625,2520.267,25.25,1.03754711,0.84375,4391.753,44,0.879665852,0.85625,3513.402,35.2,1.02820122,1.05,3513.402,35.2,0.9044371,1.0625,4391.753,44,0.7625307,1.3,58.5000076,1.55,1.55,99.81256,-1,496.5625,448.5586,48.0039063,9.355469,16044.6738,16054.0293,0,0,0,0,0,0,0,0,0,0,400,1600,0,42,210,405,14,21,0,2,2126.77344,137.945313,9.606953,0,0,0,0.0292388126,0,0,0,0,0,47.09375,8192,5900,2291,27.970171,13.84,159949824,999424
11/11/2025 22:58:54,7.260871,3.39926481,14.2570133,3.08824778,5.30092144,4.530472,4.24808264,3.38873863,4.28671837,2.925098,6.92213154,1.9156456,3.38405371,3.15442085,5.83094358,3.763032,4.853475,14.2570133,6.0632205,2520.267,25.25,0.77722156,0.85625,2520.267,25.25,0.940029263,0.84375,2520.267,25.25,0.5125984,0.85625,2520.267,25.25,0.42532143,0.84375,2520.267,25.25,0.327836573,0.85625,3513.40186,35.2,0.313342452,0.8375,4391.75244,44,0.296856165,1.325,4391.75244,44,0.473172516,1.3,57.6250076,1.55,1.55,99.81255,-1,496.5625,448.5586,48.0039063,9.355469,16044.6738,16054.0293,0,0,0,0,0,0,0,0,0,0,400,1600,0,42,210,405,31,57,0,1,2126.77344,137.945313,9.73582649,0,0,0,0.005570706,0,0,0,0,0,47.03125,8192,5900,2291,27.970171,14.052,1549312,949248
11/11/2025 22:58:55,5.880541,2.12079883,15.9323807,2.46256,5.13955355,1.36527419,4.053366,3.29470038,4.057151,1.5670836,7.01869726,1.42859221,2.23119259,1.26891732,2.93551683,2.89815068,3.97840142,15.9323807,6.39918327,2520.267,25.25,0.787224948,0.85625,2520.267,25.25,1.15280211,0.84375,2520.267,25.25,0.4916548,0.85625,2520.267,25.25,0.5654123,0.84375,2520.267,25.25,0.49220556,0.85625,2520.267,25.25,0.509995043,0.8375,2520.267,25.25,0.331584871,0.85,2520.267,25.25,0.434835821,0.8375,57.1250076,1.55,1.55,99.81255,-1,496.5625,448.5586,48.0039063,9.355469,16044.6738,16054.0293,0,0,0,0,0,0,0,0,0,0,400,1600,0,41,210,405,35,58,0,2,2126.77344,137.589844,11.8946171,0,0,0.009041174,0.0558899753,0,0,0,0,0,47.15625,8192,5900,2291,27.970171,14.215,1399808,949248
11/11/2025 22:58:56,6.59399033,3.065306,11.2954082,3.03344131,5.077821,3.386891,4.448777,2.95805335,4.259348,2.60659456,6.692016,1.95409656,5.478823,2.58929133,4.36671972,3.62170339,4.46426868,11.2954082,5.65897,4416.706,44.25,0.572900951,1.3625,4416.706,44.25,0.7256715,1.3375,3533.365,35.4,0.434949964,1.06875,3513.40234,35.2,0.3743038,1.05625,3513.40234,35.2,0.329038173,1.06875,4391.753,44,0.2992,1.30625,3513.40234,35.2,0.393518835,1.05625,4391.753,44,0.361240119,1.3,56.1250076,1.55,1.55,99.81257,-1,496.5625,448.5586,48.0039063,9.355469,16044.6738,16054.0293,0,0,0,0,0,0,0,0,0,0,400,1600,0,42,225,405,32,60,0,1,2126.77344,137.589844,8.672098,0,0,0,0.0568676852,0,0,0,0,0,46.90625,8192,5900,2291,27.970171,14.707,849920,999424
11/11/2025 22:58:57,4.54329872,3.15353274,9.255182,1.57830119,3.08614969,0.282430649,2.67606378,1.50274038,2.629,0.5051613,7.280922,0,1.20807886,0,3.734666,1.68769956,2.67776251,9.255182,5.69909143,2520.26685,25.25,0.8464695,0.85625,2520.26685,25.25,0.766068459,0.84375,2520.26685,25.25,0.346674025,0.85625,2520.26685,25.25,0.452359557,0.84375,2520.26685,25.25,0.386627376,0.85625,2520.26685,25.25,0.411674052,0.8375,2520.26685,25.25,0.244562835,0.85,2520.26685,25.25,0.396992028,0.83125,55.5000076,1.55,1.55,99.8125458,-1,496.5625,448.5586,48.0039063,9.355469,16044.6738,16054.0293,0,0,0,0,0,0,0,0,0,0,400,1600,0,42,225,405,29,39,0,2,2126.77344,137.945313,8.495563,0,0,0.0138739459,0.008603453,0,0,0,0,0,46.96875,8192,5900,2291,27.970171,14.205,1549312,1049600
11/11/2025 22:58:58,4.5711875,5.31317,6.00250959,1.86750293,3.459859,1.25342011,3.53351831,1.98612213,3.044182,1.9257009,5.37383,1.41394734,2.41495967,1.14148855,2.9432416,2.157271,3.0251205,6.00250959,4.9800806,4416.706,44.25,0.847807169,1.3625,3533.36475,35.4,0.367674768,1.05625,3533.36475,35.4,0.23690401,1.06875,3533.36475,35.4,0.300807536,1.05625,3533.36475,35.4,0.236593068,1.075,3533.36475,35.4,0.259603828,1.05,4416.706,44.25,0.196288332,1.34375,4416.706,44.25,0.244657546,1.3125,54.6250076,1.55,1.55,99.81256,-1,496.5625,448.5586,48.0039063,9.355469,16044.6738,16054.0293,0,0,0,0,0,0,0,0,0,0,400,1600,0,41,210,405,28,58,0,1,2126.77344,137.945313,4.367194,0,0,0,0.00187785772,0,0,0,0,0,47.125,8192,5900,2291,27.970171,14.086,949248,1799168
11/11/2025 22:58:59,5.4008007,3.040886,8.350098,1.43808722,5.44317961,0.6635785,3.64936,2.545172,3.57195735,1.00343823,4.80392551,1.88017488,1.478821,0.451231,3.837639,2.54138112,3.13124061,8.350098,4.99503565,4391.753,44,0.5672063,1.35,4391.753,44,0.5580799,1.31875,3513.402,35.2,0.361375362,1.06875,3513.402,35.2,0.28789258,1.05625,3513.402,35.2,0.271951944,1.06875,3513.402,35.2,0.186240569,1.04375,4391.753,44,0.212753043,1.325,4391.753,44,0.235380769,1.0375,53.7500076,1.55,1.55,99.81256,-1,496.5625,448.5586,48.0039063,9.355469,16044.6738,16054.0293,0,0,0,0,0,0,0,0,0,0,400,1600,0,42,210,405,37,37,0,3,2126.77344,137.945313,6.17481947,0,0,0,0.05174213,0,0,0,0,0,46.84375,8192,5900,2291,27.970171,14.292,1199104,999424
11/11/2025 22:59:00,3.984332,2.41810083,4.977292,2.66737342,2.87845135,2.05119252,2.69449949,2.15672851,3.75121832,2.598983,4.74354029,0.83552,4.19415855,1.76491141,2.21909285,2.13130116,2.8791666,4.977292,5.04824829,2520.26685,25.25,0.7026177,0.85625,2520.26685,25.25,0.471207172,0.84375,2520.26685,25.25,0.2952022,0.85625,2520.26685,25.25,0.416686952,0.84375,3513.40161,35.2,0.410603851,0.85625,3513.40161,35.2,0.35051465,1.04375,3513.40161,35.2,0.215879783,1.05625,4391.752,44,0.270498127,1.3,53.0000076,1.55,1.55,99.8125458,-1,496.5625,448.5586,48.0039063,9.355469,16044.6738,16054.0293,0,0,0,0,0,0,0,0,0,0,400,1600,0,41,210,405,18,58,0,1,2126.77344,138.175781,5.40179539,0,0,0.008526938,0.006026633,0,0,0,0,0,46.9375,8192,5900,2291,27.970171,13.498,9499648,10749952
11/11/2025 22:59:01,4.742968,2.14785933,4.10308838,1.63751841,2.72629261,1.39387846,2.23556757,1.86449289,2.20868,1.45956278,5.83276749,0.936090946,1.99586153,0.7327676,2.80118,1.15625858,2.373433,5.83276749,4.60119867,4416.702,44.25,0.977160454,1.3625,3533.36157,35.4,0.434354633,1.0625,3533.36157,35.4,0.2944145,1.06875,3533.36157,35.4,0.363448352,1.05625,3533.36157,35.4,0.303899378,1.075,3533.36157,35.4,0.342560172,1.05,3533.36157,35.4,0.243982032,1.0625,3533.36157,35.4,0.2562602,1.05,52.2500076,1.55,1.55,99.81248,-1,496.5625,448.5586,48.0039063,9.355469,16044.6738,16054.0293,0,0,0,0,0,0,0,0,0,0,400,1600,0,41,210,405,14,63,0,1,2126.77344,138.175781,2.82129073,0,0,0,0,0,0,0,0,0,47.09375,8192,5900,2291,27.970171,13.831,9699328,1199104
11/11/2025 22:59:02,4.23119068,0.7949412,3.94567847,0.421535969,1.37377381,0,1.09565854,0.359982252,1.221782,0.641393661,3.72542739,0,0.8162558,0,1.77590847,0,1.16249919,4.23119068,4.87303066,2520.269,25.25,1.14651155,0.85625,2520.269,25.25,0.446837574,0.84375,2520.269,25.25,0.278167546,0.85625,2520.269,25.25,0.299036622,0.84375,2520.269,25.25,0.3274652,0.85625,2520.269,25.25,0.279808253,0.8375,2520.269,25.25,0.2222151,0.85,2520.269,25.25,0.2590925,0.83125,51.8750076,1.55,1.55,99.81264,-1,496.5625,448.5586,48.0039063,9.355469,16044.6738,16054.0293,0,0,0,0,0,0,0,0,0,0,400,1600,0,41,210,405,8,57,0,1,2126.77344,138.457031,5.27111244,0,0,0.04490998,0.00166444678,0,0,0,0,0,47.09375,8192,5900,2291,27.970171,13.916,7849984,999424
11/11/2025 22:59:03,5.44999838,4.69691753,5.01772165,9.066671,5.038953,1.12233758,2.63624787,2.74845958,2.50090957,1.7952621,9.26758,1.58184767,3.37167978,1.04746222,6.886947,1.59885883,3.98924351,9.26758,5.706174,3553.32739,35.6,0.8344156,1.075,4441.659,44.5,0.8192536,1.35625,3553.32739,35.6,0.429255873,1.075,3553.32739,35.6,0.363349,1.0625,3553.32739,35.6,0.2910144,1.075,3553.32739,35.6,0.472312152,1.0625,3553.32739,35.6,0.266180158,1.06875,3553.32739,35.6,0.413309664,1.05,51.8750076,1.55,1.55,99.81257,-1,496.5625,448.5586,48.0039063,9.355469,16044.6738,16054.0293,0,0,0,0,0,0,0,0,0,0,400,1600,0,41,210,405,11,47,0,1,2126.77344,138.457031,5.368553,0,0,0,0.09819936,0,0,0,0,0,46.78125,8192,5900,2291,27.970171,13.371,7099392,4149248
11/11/2025 22:59:04,4.73423,2.37174034,4.95885,1.652497,3.27856541,1.32943988,2.63679028,1.9589901,2.92830467,1.7837286,5.570698,1.25182271,2.64757872,0.8331418,3.15111279,1.70188546,2.6743412,5.570698,4.69354773,4416.70557,44.25,0.937233,1.3625,4391.75244,44,0.408146262,1.325,4391.75244,44,0.258652776,1.34375,4391.75244,44,0.3389889,1.31875,4391.75244,44,0.295376569,1.3375,4391.75244,44,0.242035657,1.30625,4391.75244,44,0.2596951,1.325,4391.75244,44,0.222880676,1.3,51.2500076,1.55,1.55,99.81255,-1,496.5625,448.5586,48.0039063,9.355469,16044.6738,16054.0293,0,0,0,0,0,0,0,0,0,0,400,1600,0,41,210,405,15,56,0,1,2126.77344,138.457031,5.203872,0,0,0,0.00326666865,0,0,0,0,0,46.84375,8192,5900,2291,27.970171,13.693,3849216,999424
11/11/2025 22:59:05,3.17004323,1.30742788,3.50228548,0,1.27543807,0,0.8571446,1.20319724,1.07993484,1.05857253,4.93016243,0,1.1734426,0,2.37198472,0.348466635,1.32111311,4.93016243,4.698212,2520.267,25.25,0.839669049,0.85625,2520.267,25.25,0.424090236,0.84375,2520.267,25.25,0.234323829,0.85625,2520.267,25.25,0.3045178,0.84375,2520.267,25.25,0.277958333,0.85625,2520.267,25.25,0.283655167,0.8375,2520.267,25.25,0.201944366,0.85,2520.267,25.25,0.221852422,0.83125,50.7500076,1.55,1.55,99.81256,-1,496.5625,448.5586,48.0039063,9.355469,16044.6738,16054.0293,0,0,0,0,0,0,0,0,0,0,400,1600,0,41,210,405,14,57,0,1,2126.77344,138.457031,4.574988,0,0,0,0,0,0,0,0,0,46.90625,8192,5900,2291,27.970171,13.474,15299584,1299456
11/11/2025 22:59:06,4.65276241,3.10155749,4.860097,1.61567926,3.026408,1.50979757,2.78800726,2.22302079,2.47421265,2.81553864,5.61776733,1.13219023,2.77919769,1.096803,4.059422,1.652658,2.83782482,5.61776733,4.73587,2520.26685,25.25,0.84823525,0.85625,2520.26685,25.25,0.358887672,0.84375,2520.26685,25.25,0.2631739,0.85625,2520.26685,25.25,0.3211976,0.84375,2520.26685,25.25,0.335246235,0.85625,2520.26685,25.25,0.300201476,0.8375,2520.26685,25.25,0.258793324,0.85,2520.26685,25.25,0.232356027,0.8375,50.2500076,1.55,1.55,99.8125458,-1,496.5625,448.5586,48.0039063,9.355469,16044.6738,16054.0293,0,0,0,0,0,0,0,0,0,0,400,1600,0,41,210,405,9,47,0,1,2126.77344,138.457031,6.07243633,0,0,0,0.00156720472,0,0,0,0,0,46.6875,8192,5900,2291,27.970171,13.593,8099840,1499136
11/11/2025 22:59:07,5.17942333,3.4540534,9.586591,2.50719786,4.88510132,0,4.424131,2.13319659,3.57190967,3.41318846,7.00575733,1.39268041,3.357184,0.58478117,3.93139124,2.242601,3.6036253,9.586591,5.56256533,2520.267,25.25,0.9274627,0.85625,2520.267,25.25,0.786672354,0.84375,3513.402,35.2,0.381563276,1.06875,3513.402,35.2,0.397280663,1.05625,4391.753,44,0.464874566,1.34375,3513.402,35.2,0.369404256,1.04375,4391.753,44,0.328051448,1.325,4391.753,44,0.299781322,1.3,50.3750076,1.55,1.55,99.81256,-1,496.5625,448.5586,48.0039063,9.355469,16044.6738,16054.0293,0,0,0,0,0,0,0,0,0,0,400,1600,0,41,210,405,11,56,0,1,2126.77344,138.457031,5.953254,0,0,0,0.00164184044,0,0,0,0,0,46.78125,8192,5900,2291,27.970171,13.394,2949120,999424
11/11/2025 22:59:08,4.44889069,2.48686075,4.1534605,2.85661221,2.58551836,1.15060806,2.86716819,1.99288726,2.79968977,1.47261024,5.478531,1.13163,2.187723,2.46019959,3.17708254,4.548007,2.86234021,5.478531,4.71054745,2520.267,25.25,0.8272627,0.85625,2520.267,25.25,0.421612382,0.84375,2016.21375,20.2,0.293072015,0.85625,3533.36475,35.4,0.370426446,1.05625,3533.36475,35.4,0.288678765,1.075,3533.36475,35.4,0.3098768,1.05,3533.36475,35.4,0.208459362,1.0625,3533.36475,35.4,0.393224925,1.04375,50.0000076,1.55,1.55,99.81256,-1,496.5625,448.5586,48.0039063,9.355469,16044.6738,16054.0293,0,0,0,0,0,0,0,0,0,0,400,1600,0,41,210,405,18,45,0,1,2126.77344,138.457031,4.260782,0,0,0,0.00182535581,0,0,0,0,0,46.9375,8192,5900,2291,27.970171,13.658,3099648,1199104
11/11/2025 22:59:09,5.133021,3.02195549,11.9369621,0.471550226,4.356694,10.1633186,7.016057,1.741308,3.019756,2.23650336,5.2212,3.87063622,3.35989,2.73427367,10.575676,1.41255856,4.766959,11.9369621,7.91653633,2520.267,25.25,1.04179251,0.85625,2520.267,25.25,1.02940118,0.84375,2520.267,25.25,0.976089358,0.85625,2520.267,25.25,0.788545847,0.84375,2520.267,25.25,0.506328046,0.85625,2520.267,25.25,0.655771852,0.8375,2520.267,25.25,0.627563536,0.85,2520.267,25.25,0.795342,0.8375,52.2500076,1.55,1.55,99.81256,-1,496.5625,448.5586,48.0039063,9.355469,16044.6738,16054.0293,0,0,0,0,0,0,0,0,0,0,400,1600,0,41,210,405,19,51,0,1,2126.77344,138.457031,5.37340641,0,0,0,0.001606958,0,0,0,0,0,46.625,8192,5900,2291,27.970171,13.429,7749632,1549312
11/11/2025 22:59:10,8.063751,3.2017827,11.2719593,2.40613818,4.41123247,1.64173245,2.64157057,7.85242939,2.993542,3.48674059,6.643319,1.76302791,2.66836882,1.59307718,5.968767,2.352488,4.31,11.2719593,6.087544,2520.267,25.25,1.10108089,0.85625,2520.267,25.25,0.825561166,0.84375,2520.267,25.25,0.423078,0.85625,2520.267,25.25,0.7554526,0.84375,2520.267,25.25,0.410868526,0.85625,2520.267,25.25,0.4452394,0.8375,3513.402,35.2,0.2941028,0.85,4391.753,44,0.4466216,0.8375,53.0000076,1.55,1.55,99.81256,-1,496.5625,448.5586,48.0039063,9.355469,16044.6738,16054.0293,0,0,0,0,0,0,0,0,0,0,400,1600,0,41,210,405,15,56,0,1,2126.77344,138.457031,4.08299446,0,0,0,0.00319206668,0,0,0,0,0,46.71875,8192,5900,2291,27.970171,13.718,8099840,1499136
11/11/2025 22:59:11,4.72763157,2.77239084,5.627471,2.467209,3.543383,2.53845453,3.02706957,2.24735737,2.978778,1.84183121,5.201781,1.44975781,2.29397416,1.41045451,3.65109444,1.84438229,2.97644138,5.627471,4.74126434,2520.267,25.25,0.8427941,0.85625,2520.267,25.25,0.4516089,0.84375,4391.75244,44,0.3561401,1.34375,4391.75244,44,0.328585148,1.31875,3533.3645,35.4,0.235208765,1.075,3533.3645,35.4,0.23800689,1.05,3533.3645,35.4,0.199695289,1.0625,3533.3645,35.4,0.233605519,1.04375,52.2500076,1.55,1.55,99.81255,-1,496.5625,448.5586,48.0039063,9.355469,16044.6738,16054.0293,0,0,0,0,0,0,0,0,0,0,400,1600,0,41,210,405,24,60,0,1,2126.77344,138.457031,5.841272,0,0,0,0,0,0,0,0,0,46.90625,8192,5900,2291,27.970171,13.646,2899968,1649664
11/11/2025 22:59:12,4.30192947,2.72027254,4.905522,1.46752,2.60756016,1.03737116,2.43353248,1.60946846,2.330327,2.06353068,4.681879,1.16066933,1.65498257,0.9062886,3.13982964,1.81514025,2.42723823,4.905522,4.579418,2520.26465,25.25,0.9910645,0.85625,2520.26465,25.25,0.499672145,0.84375,2520.26465,25.25,0.294875145,0.85625,2520.26465,25.25,0.306156278,0.84375,2520.26465,25.25,0.2443648,0.85625,2520.26465,25.25,0.265229136,0.8375,2520.26465,25.25,0.199486479,0.85,2520.26465,25.25,0.243093073,0.83125,51.6250076,1.55,1.55,99.81246,-1,496.5625,448.5586,48.0039063,9.355469,16044.6738,16054.0293,0,0,0,0,0,0,0,0,0,0,400,1600,0,41,210,405,8,53,0,1,2126.77344,138.457031,4.56095839,0,0,0,0.00418335339,0,0,0,0,0,46.6875,8192,5900,2291,27.970171,13.705,3099648,1249280
11/11/2025 22:59:13,6.624663,3.83641124,6.57916641,7.181734,7.561427,0,5.444461,1.46237016,4.542315,1.91096663,7.88494349,3.91798615,4.66285944,0,11.9715452,1.65376067,4.682273,11.9715452,7.71108961,2520.26978,25.25,1.06787217,0.85625,2520.26978,25.25,1.08966517,0.84375,2520.26978,25.25,0.656946242,0.85625,2520.26978,25.25,0.6677692,0.84375,2520.26978,25.25,0.5891223,0.85625,2520.26978,25.25,0.721101046,0.8375,2520.26978,25.25,0.467429221,0.85,2520.26978,25.25,0.829143345,0.8375,52.2500076,1.55,1.55,99.81266,-1,496.5625,448.5586,48.0039063,9.355469,16044.6738,16054.0293,0,0,0,0,0,0,0,0,0,0,400,1600,0,41,210,405,33,59,0,2,2126.77344,138.457031,5.76543236,0,0,0,0.00255493959,0,0,0,0,0,46.625,8192,5900,2291,27.970171,13.641,7049216,949248
11/11/2025 22:59:14,4.359877,3.03971171,4.34445143,1.46207213,2.744341,1.039058,2.305913,1.94898248,2.58641243,2.06078887,5.374992,1.13515854,2.59910822,0.965517759,3.33135128,1.96905136,2.57917643,5.374992,4.64942932,3553.32739,35.6,0.9516351,1.075,4441.659,44.5,0.436482072,1.3625,3553.32739,35.6,0.246356279,1.075,3553.32739,35.6,0.3646602,1.0625,3553.32739,35.6,0.2626396,1.075,3553.32739,35.6,0.23367098,1.05625,3553.32739,35.6,0.199935764,1.06875,3553.32739,35.6,0.225198731,1.05,51.6250076,1.55,1.55,99.81257,-1,496.5625,448.5586,48.0039063,9.355469,16044.6738,16054.0293,0,0,0,0,0,0,0,0,0,0,400,1600,0,41,210,405,9,53,0,1,2126.77344,138.457031,1.88236308,0,0,0,0.00159616722,0,0,0,0,0,46.78125,8192,5900,2291,27.970171,13.097,5.899981E+07,3899392
11/11/2025 22:59:15,4.435891,2.14933753,6.45377064,1.69053078,3.50139737,0.9123802,2.95957923,1.52369142,3.193909,1.34733915,6.04555035,0.5681813,2.085787,0.568199158,2.45857239,1.73771977,2.60198712,6.45377064,4.95428753,3553.327,35.6,0.873526931,1.08125,4441.65869,44.5,0.541212738,1.35,3553.327,35.6,0.3469767,1.075,3553.327,35.6,0.33839938,1.06875,3553.327,35.6,0.327635676,1.075,3553.327,35.6,0.298234224,1.05625,3553.327,35.6,0.243421882,1.06875,3553.327,35.6,0.2683894,1.05,51.1250076,1.55,1.55,99.81255,-1,496.5625,448.5586,48.0039063,9.355469,16044.6738,16054.0293,0,0,0,0,0,0,0,0,0,0,400,1600,0,41,210,405,21,39,0,2,2126.77344,138.457031,7.09236145,0,0,0,0.00318584125,0,0,0,0,0,46.8125,8192,5900,2291,27.970171,13.766,11749376,1349632
11/11/2025 22:59:16,4.709858,2.85595059,4.564929,1.9611001,2.597928,0.6202519,1.94473267,3.07443142,2.22070217,1.80552,5.54299927,0.8227527,2.1713376,0.530082,2.74273157,1.86647773,2.50198841,5.54299927,4.76167,2520.267,25.25,0.8621453,0.85625,2520.267,25.25,0.397362083,0.84375,2520.267,25.25,0.251956582,0.85625,2520.267,25.25,0.3921723,0.84375,2520.267,25.25,0.26962325,0.85625,2520.267,25.25,0.25901407,0.8375,2520.267,25.25,0.202462375,0.85,4391.75244,44,0.2666994,0.83125,50.6250076,1.55,1.55,99.81255,-1,496.5625,448.5586,48.0039063,9.355469,16044.6738,16054.0293,0,0,0,0,0,0,0,0,0,0,400,1600,0,41,210,405,9,49,0,1,2126.76953,136.476563,3.41309953,0,0,0.06320722,0.00404302031,0,0,0,0,0,46.65625,8192,5900,2291,27.970171,13.418,6649856,1449984
11/11/2025 22:59:17,5.97888851,2.82218456,6.37446642,2.79353857,5.180466,1.67629719,3.5930872,2.75266171,4.34309864,3.47803831,6.58681965,1.74030066,3.03795934,2.09020972,4.508072,2.526939,3.71769071,6.58681965,5.17400265,2520.267,25.25,0.7637594,0.85625,2520.267,25.25,0.499742478,0.84375,2520.267,25.25,0.380354315,0.85625,2520.267,25.25,0.401071936,0.84375,2520.267,25.25,0.418237984,0.85625,4391.753,44,0.3447625,0.8375,3513.402,35.2,0.2393227,1.05625,3513.402,35.2,0.338556349,1.0375,50.2500076,1.55,1.55,99.81256,-1,496.5625,448.5586,48.0039063,9.355469,16044.6738,16054.0293,0,0,0,0,0,0,0,0,0,0,400,1600,0,41,210,405,20,55,0,1,2126.76953,136.476563,7.575515,0,0,0,0.00765408762,0,0,0,0,0,46.71875,8192,5900,2291,27.970171,13.83,849920,949248
11/11/2025 22:59:18,3.08604836,1.16458535,6.063068,0.82526207,2.05959082,0.8370578,1.876396,0.999891758,1.00035071,0.6907642,3.23677659,0,1.47259831,0.1553297,5.907029,0.9212673,1.88794732,6.063068,4.94236374,2520.267,25.25,0.629070461,0.85625,2520.267,25.25,0.437777668,0.84375,2520.267,25.25,0.2804446,0.85625,2520.267,25.25,0.314589143,0.84375,2520.267,25.25,0.200535864,0.85625,3533.3645,35.4,0.17749159,0.8375,3533.3645,35.4,0.205558568,1.0625,4416.70557,44.25,0.4190854,1.31875,49.8750076,1.55,1.55,99.81255,-1,496.5625,448.5586,48.0039063,9.355469,16044.6738,16054.0293,0,0,0,0,0,0,0,0,0,0,400,1600,0,41,210,405,22,65,0,1,2126.76953,136.476563,4.12907743,0,0,0,0,0,0,0,0,0,47.03125,8192,5900,2291,27.970171,12.958,3249152,949248
11/11/2025 22:59:19,5.333662,2.4158597,7.922453,2.69092321,4.46552658,1.90550685,3.69012952,2.18767524,3.19120884,1.98836327,6.41469955,1.44013762,2.39220262,1.87726617,3.34248543,2.88987756,3.38426232,7.922453,5.005873,4416.706,44.25,0.6954063,1.3625,4416.706,44.25,0.553905,1.3375,3533.365,35.4,0.3403036,1.06875,3533.365,35.4,0.3141929,1.05625,3533.365,35.4,0.229759008,1.075,3513.40234,35.2,0.280590624,1.04375,4391.753,44,0.21210961,1.325,4391.753,44,0.293345,1.3,49.6250076,1.55,1.55,99.81257,-1,496.5625,448.5586,48.0039063,9.355469,16044.6738,16054.0293,0,0,0,0,0,0,0,0,0,0,400,1600,0,41,210,405,16,53,0,1,2126.76953,135.890625,5.754058,0,0,0.0233393162,0.008681631,0,0,0,0,0,46.71875,8192,5900,2291,27.970171,14.15,1199104,4999168
11/11/2025 22:59:20,5.31291962,2.54594088,6.53855228,2.85385847,7.01704025,1.52704716,3.275621,2.918297,3.85456085,2.01447,7.44513273,1.38210058,3.55066061,0.959837437,4.8748374,2.64294744,3.66960764,7.44513273,5.223005,2520.26538,25.25,0.7818542,0.85625,2520.26538,25.25,0.5493816,0.84375,2520.26538,25.25,0.591153,0.85625,2520.26538,25.25,0.383075237,0.84375,4391.74951,44,0.345475167,0.85625,4391.74951,44,0.392868251,1.30625,4391.74951,44,0.263671935,1.325,4391.74951,44,0.3989311,1.3,49.3750076,1.55,1.55,99.81249,-1,496.5625,448.5586,48.0039063,9.355469,16044.6738,16054.0293,0,0,0,0,0,0,0,0,0,0,400,1600,0,41,210,405,32,48,0,1,2126.76953,135.890625,7.500593,0,0,0,0.006463312,0,0,0,0,0,46.78125,8192,5900,2291,27.970171,14.383,14199808,3349504
11/11/2025 22:59:21,3.91541719,1.3363421,5.6391,1.25285387,4.553151,0,2.90027857,1.08052492,2.30944753,0.9570956,4.434866,0.263619423,2.52295136,0,2.75990367,1.00835562,2.16958523,5.6391,5.069781,2520.268,25.25,0.8286438,0.85625,2520.268,25.25,0.483534753,0.84375,2520.268,25.25,0.393932521,0.85625,4391.75439,44,0.335739434,0.84375,4391.75439,44,0.349982023,1.3375,4391.75439,44,0.2974294,1.30625,4391.75439,44,0.298338,1.33125,4391.75439,44,0.3381047,1.3,49.1250076,1.55,1.55,99.8126,-1,496.5625,448.5586,48.0039063,9.355469,16044.6738,16054.0293,0,0,0,0,0,0,0,0,0,0,400,1600,0,41,210,405,15,52,0,1,2126.76953,135.890625,5.403758,0,0,0,0.0620714128,0,0,0,0,0,46.8125,8192,5900,2291,27.970171,15.035,899072,4049920
11/11/2025 22:59:22,5.522352,2.68081427,6.845379,2.95934081,5.47516346,1.399827,3.62555981,2.791649,3.47044468,2.117622,6.490004,1.93576217,3.54270339,1.22997165,4.02150154,2.77196765,3.55501175,6.845379,5.10921431,4391.753,44,0.7646151,1.35,3513.402,35.2,0.5461147,1.05,4391.753,44,0.350901544,1.34375,4391.753,44,0.345868081,1.31875,4391.753,44,0.2713669,1.3375,4391.753,44,0.323535919,1.30625,4391.753,44,0.2858608,1.325,4391.753,44,0.299419969,1.3,48.7500076,1.55,1.55,99.81256,-1,496.5625,448.5586,48.0039063,9.355469,16044.6738,16054.0293,0,0,0,0,0,0,0,0,0,0,400,1600,0,41,225,405,27,51,0,0,2126.76953,135.890625,7.482571,0,0,0,0.0060406425,0,0,0,0,0,46.6875,8192,5900,2291,27.970171,15.239,7249920,5599232
11/11/2025 22:59:23,3.42494249,1.51482821,5.947745,2.55153775,5.11596775,0,2.896589,4.6954155,2.46304274,0.7439554,5.9114337,0.0298559666,1.56165957,0,2.835983,0.9153724,2.50592828,5.947745,5.46428442,3533.36523,35.4,0.745694041,1.075,4416.70654,44.25,0.66270256,1.35,3533.36523,35.4,0.511639953,1.06875,3533.36523,35.4,0.5185546,1.05625,3533.36523,35.4,0.3901875,1.075,4391.75342,44,0.47856766,1.31875,4391.75342,44,0.251472145,1.325,4391.75342,44,0.356829017,1.3,48.8750076,1.55,1.55,99.81258,-1,496.5625,448.5586,48.0039063,9.355469,16044.6738,16054.0293,0,0,0,0,0,0,0,0,0,0,400,1600,0,41,225,405,21,49,0,2,2126.76953,135.890625,8.018765,0,0,0,0.0548718572,0,0,0,0,0,46.6875,8192,5900,2291,27.970171,15.094,8148992,999424
11/11/2025 22:59:24,4.674548,6.93606138,7.44547272,6.903702,6.97435141,1.261872,4.25277948,1.99003816,3.85311842,1.66983008,6.698757,2.16587186,4.136193,0.892442465,3.693378,2.55306959,4.131341,7.44547272,5.79843044,2520.2666,25.25,1.01275063,0.85625,2520.2666,25.25,0.8396514,0.84375,2520.2666,25.25,0.464815527,0.85625,2016.21326,20.2,0.373485357,0.84375,3533.36377,35.4,0.334611326,1.075,3533.36377,35.4,0.39948532,1.05,4416.70459,44.25,0.340831459,1.34375,3533.36377,35.4,0.301295727,1.05,49.2500076,1.55,1.55,99.81254,-1,496.5625,448.5586,48.0039063,9.355469,16044.6738,16054.0293,0,0,0,0,0,0,0,0,0,0,400,1600,0,41,210,405,18,52,0,1,2138.27344,135.8125,5.90218925,0,0,0.246292621,0.005024739,0,0,0,0,0,46.90625,8192,5889,2302,28.1105518,15.048,899072,3200000
11/11/2025 22:59:25,4.990011,2.54337788,7.34971142,2.529031,3.821367,1.12274885,3.557521,2.72905827,4.02998924,1.83737278,6.796318,2.36523151,3.43595147,1.15180016,3.54102254,1.73739791,3.34612131,7.34971142,5.348504,2520.26733,25.25,0.778026044,0.85625,2520.26733,25.25,0.638255835,0.84375,2520.26733,25.25,0.295010865,0.85625,2520.26733,25.25,0.424778879,0.84375,4391.753,44,0.374599457,0.85625,4391.753,44,0.46385327,1.30625,4391.753,44,0.305656374,1.325,4391.753,44,0.321616977,1.3,49.2500076,1.55,1.55,99.81257,-1,496.5625,448.5586,48.0039063,9.355469,16044.6738,16054.0293,0,0,0,0,0,0,0,0,0,0,400,1600,0,41,210,405,17,41,0,2,2126.76953,135.890625,5.67854643,0,0,0.519997835,0.05262885,0,0,0,0,0,46.75,8192,5900,2291,27.970171,14.978,10799104,3249152
11/11/2025 22:59:26,5.338466,3.053093,6.94391155,3.33505869,5.455261,1.551044,4.102725,2.35456228,4.22638035,2.36282945,7.26138973,1.9654274,3.94215584,1.43158436,5.06289,3.29089761,3.854853,7.26138973,5.21806669,4391.752,44,0.695859551,0.85625,4391.752,44,0.6076629,1.325,4391.752,44,0.3592067,1.34375,4391.752,44,0.380986452,1.31875,3513.40161,35.2,0.366218716,1.0625,4391.752,44,0.400519937,1.30625,4391.752,44,0.2839413,1.325,4391.752,44,0.341691822,1.3,49.1250076,1.55,1.55,99.8125458,-1,496.5625,448.5586,48.0039063,9.355469,16044.6738,16054.0293,0,0,0,0,0,0,0,0,0,0,400,1600,0,41,210,405,20,48,0,1,2126.76953,135.890625,8.849322,0,0,0,0.0681606,0,0,0,0,0,46.78125,8192,5900,2291,27.970171,15.023,899072,4049920
11/11/2025 22:59:27,6.92122555,5.54396534,9.888387,1.10601187,4.81969738,0.09664893,3.49298716,2.180034,7.049304,5.664974,4.2452755,5.83243942,12.7891722,19.3962269,7.73235559,9.061438,6.613761,19.3962269,10.3127718,3533.365,35.4,1.11625445,1.075,3533.365,35.4,0.780257165,1.0625,3533.365,35.4,0.414415061,1.06875,3533.365,35.4,0.438401669,1.05625,3533.365,35.4,1.0613004,1.06875,3533.365,35.4,0.710434556,1.05,3533.365,35.4,2.65207481,1.06875,4416.706,44.25,1.30791676,1.34375,55.5000076,1.55,1.55,99.81257,-1,496.5625,448.5586,48.0039063,9.355469,16044.6738,16054.0293,0,0,0,0,0,0,0,0,0,0,400,1600,0,41,210,405,18,61,0,1,2126.76953,135.890625,5.909119,0,0,0,0.00373999961,0,0,0,0,0,46.8125,8192,5900,2291,27.970171,15.008,949248,999424
11/11/2025 22:59:28,7.11395741,8.209771,4.477167,1.80810094,4.33934927,0.767678,3.96924019,1.34453177,10.5600414,2.42025852,4.156762,7.72423172,19.734972,59.0437126,7.391751,5.899781,9.310079,59.0437126,13.1851454,3493.43945,35,1.11509573,1.0625,3493.43945,35,0.330717981,1.05,3493.43945,35,0.236222744,1.0625,3493.43945,35,0.342598766,1.05,3493.43945,35,1.15632641,1.0625,3493.43945,35,0.709984958,1.0375,4366.79932,43.75,6.861422,1.35625,3493.43945,35,0.9330102,1.0375,62.5000076,1.55,1.55,99.81255,-1,496.5625,448.5586,48.0039063,9.355469,16044.6738,16054.0293,0,0,0,0,0,0,0,0,0,0,400,1600,0,41,210,405,13,44,0,1,2138.27344,135.890625,3.96780157,0,0,0.214633971,0.00390261784,0,0,0,0,0,47.03125,8192,5889,2302,28.1105518,13.017,849920,3349504
11/11/2025 22:59:29,7.51631832,2.41497755,5.45457,0.7043004,2.264899,1.05686188,10.6855278,8.510619,18.3652573,9.323091,3.1006813,2.02102065,18.5784512,28.3791714,5.81980944,5.76704741,8.122664,28.3791714,12.7370815,3473.47681,34.8,0.7587476,1.05625,3473.47681,34.8,0.396658361,1.04375,3473.47681,34.8,0.175489426,1.05625,3453.5144,34.6,1.74740577,1.04375,4316.893,43.25,2.576331,1.05625,3453.5144,34.6,0.301173031,1.03125,4316.893,43.25,4.30354834,1.34375,3453.5144,34.6,0.7578307,1.03125,66.75001,1.55,1.55,99.81255,-1,496.5625,448.5586,48.0039063,9.355469,16044.6738,16054.0293,0,0,0,0,0,0,0,0,0,0,400,1600,0,41,210,405,15,56,0,1,2126.76953,135.8125,5.0566,0,0,0.09799864,0.00167655514,0,0,0,0,0,46.84375,8192,5900,2291,27.970171,13.719,3849216,3299328
11/11/2025 22:59:30,7.95704746,2.89940238,4.76180935,2.060479,10.99987,27.4320126,3.51848,5.675471,2.40744948,4.204738,4.44300175,4.93950844,24.1946869,18.22772,13.1624517,5.520707,8.900303,27.4320126,13.1499825,4142.221,41.5,0.752889037,1.33125,3313.777,33.2,0.37013644,1,3313.777,33.2,3.35512972,1.01875,3313.777,33.2,0.6867496,1.00625,3313.777,33.2,0.612214565,1.01875,3313.777,33.2,0.527540743,0.99375,3313.777,33.2,3.74649215,1.00625,3313.777,33.2,1.46812832,0.99375,69.25001,1.55,1.55,99.81256,-1,496.5625,448.5586,48.0039063,9.355469,16044.6738,16054.0293,0,0,0,0,0,0,0,0,0,0,400,1600,0,41,210,405,19,60,0,1,2126.76953,135.890625,5.694308,0,0,0.014084924,0.00322883623,0,0,0,0,0,47,8192,5900,2291,27.970171,14.052,899072,3449856
11/11/2025 22:59:31,11.5734282,13.8094187,3.83380055,26.4662628,3.77706885,0.8594513,7.419002,3.150022,3.6458075,4.704899,5.05223846,4.457438,8.50029,31.0591278,8.950722,1.57284737,8.676994,31.0591278,12.3759747,2520.26685,25.25,2.02897167,0.85625,2520.26685,25.25,2.48875833,0.84375,2520.26685,25.25,0.2460573,0.85625,2520.26685,25.25,0.751090765,0.84375,2520.26685,25.25,0.6528489,0.85625,2520.26685,25.25,0.48763442,0.8375,4391.752,44,3.36515617,0.85,4391.752,44,0.715080559,1.3,71.00001,1.55,1.55,99.8125458,-1,496.5625,448.5586,48.0039063,9.355469,16044.6738,16054.0293,0,0,0,0,0,0,0,0,0,0,400,1600,0,41,210,405,11,45,0,1,2126.76953,135.890625,4.68774748,0,0,0,0.00161582779,0,0,0,0,0,47.125,8192,5900,2291,27.970171,13.615,899072,949248
11/11/2025 22:59:32,6.9606185,3.867185,8.445507,0.9421706,4.044896,9.75737,7.41544342,6.77711964,5.24334335,7.968867,5.50253963,8.412552,13.2969856,24.2164555,8.324403,10.6917019,8.241701,24.2164555,10.5634565,3493.44,35,0.6213011,1.0625,3493.44,35,0.6000819,1.05,3493.44,35,0.9263201,1.0625,3493.44,35,0.962921739,1.05,3493.44,35,0.880476832,1.0625,3493.44,35,0.7567182,1.0375,4366.8,43.75,2.709785,1.35625,3493.44,35,1.2175678,1.0375,70.00001,1.55,1.55,99.81257,-1,496.5625,448.5586,48.0039063,9.355469,16044.6738,16054.0293,0,0,0,0,0,0,0,0,0,0,400,1600,0,41,210,405,33,48,0,2,2126.76953,135.890625,7.980288,0,0,0,0.00158844108,0,0,0,0,0,46.90625,8192,5900,2291,27.970171,13.714,1549312,3449856
11/11/2025 22:59:33,4.64957952,5.077529,15.40063,3.4499228,2.8000772,2.34017968,2.38124132,2.89137959,2.32015848,2.07843781,4.960531,4.172558,4.478759,17.593008,6.523591,2.78067,5.243635,17.593008,8.090785,2520.267,25.25,0.953236759,0.85625,2520.267,25.25,1.28826118,0.84375,2520.267,25.25,0.410682976,0.85625,2520.267,25.25,0.439049184,0.84375,2520.267,25.25,0.350997627,0.85625,2520.267,25.25,0.541543961,0.8375,2520.267,25.25,1.74739265,0.85,2520.267,25.25,0.64547354,0.8375,68.75001,1.55,1.55,99.81255,-1,496.5625,448.5586,48.0039063,9.355469,16044.6738,16054.0293,0,0,0,0,0,0,0,0,0,0,400,1600,0,41,210,405,9,59,0,1,2126.76953,135.890625,2.02036,0,0,0,0.0039151744,0,0,0,0,0,47.03125,8192,5900,2291,27.970171,13.12,899072,8049664
11/11/2025 22:59:34,6.5408287,2.87525654,3.97014618,3.50734,4.57885265,0,2.79675126,0.628429651,1.50089264,5.05458736,10.8805714,0,1.17512345,0,3.02078128,1.19364858,2.91208625,10.8805714,6.042078,2520.26587,25.25,1.16554511,0.85625,2520.26587,25.25,0.7180128,0.84375,2520.26587,25.25,0.487276763,0.85625,2520.26587,25.25,0.462778449,0.84375,3513.40039,35.2,0.663759947,0.85,4391.75049,44,0.6313619,1.30625,3513.40039,35.2,0.259084731,1.0625,3513.40039,35.2,0.404462546,1.0375,66.75001,1.55,1.55,99.81251,-1,496.5625,448.5586,48.0039063,9.355469,16044.6738,16054.0293,0,0,0,0,0,0,0,0,0,0,400,1600,0,41,210,405,13,45,0,1,2126.76953,135.890625,6.50884962,0,0,0,0.00402996829,0,0,0,0,0,47.3125,8192,5900,2291,27.970171,13.824,1499136,949248
11/11/2025 22:59:35,4.67633,3.16858888,5.430472,1.65284872,3.709048,1.77775025,2.35432982,1.8440783,2.371937,2.22892165,5.619049,1.20555162,2.14803219,0.9516418,2.78431177,1.87420249,2.73731947,5.619049,4.717606,2520.26831,25.25,0.9335634,0.85625,2520.26831,25.25,0.5034534,0.84375,4391.755,44,0.536218762,0.85625,4391.755,44,0.309955329,1.31875,4391.755,44,0.245548427,1.34375,3513.40381,35.2,0.260716617,1.04375,3513.40381,35.2,0.18327862,1.05625,4391.755,44,0.242013082,1.3,64.75001,1.55,1.55,99.81261,-1,496.5625,448.5586,48.0039063,9.355469,16044.6738,16054.0293,0,0,0,0,0,0,0,0,0,0,400,1600,0,41,210,405,8,57,0,1,2126.76953,135.890625,3.03516269,0,0,0,0.00159668771,0,0,0,0,0,46.84375,8192,5900,2291,27.970171,13.059,1499136,949248
11/11/2025 22:59:36,4.39520454,2.49531865,6.961828,2.54900455,3.82093787,2.27283835,3.01043987,1.67729259,2.81333327,1.93268061,4.774255,1.48881674,2.28301883,1.1898458,3.37644219,2.61259675,2.97836065,6.961828,4.86743975,2520.26733,25.25,0.6948947,0.85625,2520.26733,25.25,0.5097299,0.84375,2520.26733,25.25,0.325276971,0.85625,2520.26733,25.25,0.343003064,0.84375,2520.26733,25.25,0.283775955,0.85625,4391.753,44,0.2304011,0.8375,3513.40234,35.2,0.216123283,1.05625,4391.753,44,0.2759035,1.3,63.0000076,1.55,1.55,99.81257,-1,496.5625,448.5586,48.0039063,9.355469,16044.6738,16054.0293,0,0,0,0,0,0,0,0,0,0,400,1600,0,41,210,405,8,53,0,1,2126.76953,135.890625,5.99953938,0,0,0,0.00330598932,0,0,0,0,0,46.875,8192,5900,2291,27.970171,13.531,849920,999424
11/11/2025 22:59:37,3.2058,1.60768032,3.538996,0.698262453,2.162522,0.0603735447,1.59806013,1.04379058,1.2635231,1.81809664,4.842639,0,1.06716156,0,2.37292647,0.6298721,1.30360126,4.842639,4.81357,2520.267,25.25,0.7438152,0.85625,2520.267,25.25,0.419766665,0.84375,2520.267,25.25,0.2972795,0.85625,2520.267,25.25,0.321166635,0.84375,2520.267,25.25,0.29621613,0.85625,3513.402,35.2,0.246345922,0.8375,4391.753,44,0.231921151,1.325,4391.753,44,0.255065858,1.3,61.3750076,1.55,1.55,99.81256,-1,496.5625,448.5586,48.0039063,9.355469,16044.6738,16054.0293,0,0,0,0,0,0,0,0,0,0,400,1600,0,41,210,405,18,52,0,1,2126.76953,135.890625,7.51346254,0,0,0,0.009970628,0,0,0,0,0,47.09375,8192,5900,2291,27.970171,13.68,1499136,999424
11/11/2025 22:59:38,4.596281,2.33572125,4.85849953,3.25145721,3.4222424,1.58414841,2.74364948,2.0278573,2.61582136,1.9702971,5.888009,4.552388,2.5418818,3.08350921,2.977401,2.52143145,3.18565369,5.888009,4.727379,4416.70557,44.25,0.868867457,1.36875,3533.3645,35.4,0.45472,1.05625,3533.3645,35.4,0.320892036,1.06875,3533.3645,35.4,0.414985776,1.05625,3533.3645,35.4,0.274845749,1.075,3533.3645,35.4,0.291378856,1.05,3533.3645,35.4,0.225246415,1.0625,4416.70557,44.25,0.340956151,1.3125,59.8750076,1.55,1.55,99.81255,-1,496.5625,448.5586,48.0039063,9.355469,16044.6738,16054.0293,0,0,0,0,0,0,0,0,0,0,400,1600,0,41,210,405,0,57,0,0,2138.26953,134.8125,1.60899568,0,0,0.296343952,0.00160816137,0,0,0,0,0,47.15625,8192,5889,2302,28.1105518,13.655,999424,999424
